,arquivo,duracao_segundos,frequencia_amostragem,amplitude_media,amplitude_maxima,amplitude_ratio (mean/max),snr_estimado_db,zero_crossing_rate,regioes_silencio,silencio/tempo,cluster,resposta_1,resposta_2,resposta_3,classificacao
1,LPDJollYuAc,12.968354166666666,48000,0.29096717,1.1350255,0.2563529908657074,48.810177,0.0228528474506578,0,0.0,57,Boa,Boa,Boa,Boa
9,QinBWzZ3txo,102.72,48000,0.02817971,0.24493015,0.1150520294904708,28.452297,0.0741875194683833,4,0.03894080996884735,14,Boa,Boa,Boa,Boa
15,0kKGkXgTxk0,63.20472916666667,48000,0.050613184,0.27421755,0.1845730990171432,58.52446,0.0474557300455619,0,0.0,50,Boa,Boa,Boa,Boa
27,4McSTEYaK5I,85.33333333333333,48000,0.08693065,0.75556946,0.115053154528141,30.00266,0.0907082049314148,2,0.0234375,16,Boa,Boa,Boa,Boa
29,bkPR2pbsZWQ,35.5033125,48000,0.09938686,0.7192451,0.1381821930408477,52.743225,0.0847412182712526,0,0.0,23,Boa,Boa,Boa,Boa
31,AwTPrxLK4yk,68.11575,48000,0.07124377,0.9477284,0.0751731917262077,31.164986,0.0508495298553476,18,0.2642560641261382,2,Boa,Boa,Boa,Boa
34,CiobYZ2OnDY,68.9400625,48000,0.03088801,0.3135682,0.0985049158334732,37.806248,0.0714288843740331,9,0.13054818451897982,68,Boa,Boa,Boa,Boa
37,HDgjOUbnI10,4.288,48000,0.2665177,1.1256461,0.2367686331272125,45.733635,0.0410010856079404,0,0.0,57,Ruim,Ruim,Ruim,Ruim
43,Oco1gvF7jEY,28.955291666666668,48000,0.0646082,0.76957077,0.0839535519480705,34.601284,0.042012689917127,7,0.24175201136234453,35,Boa,Boa,Boa,Boa
65,mdT3PjYoDqw,24.38095833333333,48000,0.050312765,0.6568461,0.0765974894165992,33.307144,0.0492946194225721,4,0.16406245994568852,46,Boa,Boa,Boa,Boa
78,u4y-4rBIPUQ,31.5559375,48000,0.09602285,0.6329863,0.1516981571912765,42.301735,0.045792002418469,0,0.0,55,Ruim,Ruim,Boa,Ruim
88,cIEbNudPCfk,96.50214583333332,48000,0.076786496,0.93330985,0.0822733119130134,32.256027,0.0363942221347259,20,0.20724927748800062,35,Ruim,Boa,Boa,Boa
98,0C3lpoaCu7c,6.037208333333333,48000,0.23433805,1.1676363,0.2006943821907043,188.96147,0.0526964167402826,0,0.0,3,Ruim,Ruim,Ruim,Ruim
112,Wrl7xs-hSqA,56.7611875,48000,0.22885053,1.3002403,0.176006332039833,36.79125,0.0528587848788049,0,0.0,41,Boa,Boa,Boa,Boa
115,R39qiqP8Scw,38.784,48000,0.1124588,1.0963628,0.1025744378566742,28.936651,0.0834940799422601,0,0.0,16,Boa,Boa,Boa,Boa
117,mGYspANmnCw,44.67520833333333,48000,0.11531762,1.0633738,0.1084450483322143,88.44123,0.0730032339162091,0,0.0,28,Boa,Boa,Boa,Boa
139,atqo1VI4B_A,36.608,48000,0.020164592,0.24211507,0.0832851603627204,30.351555,0.0508264796642877,0,0.0,0,Boa,Boa,Boa,Boa
143,ROO1ri3FE_Y,110.6663125,48000,0.024536885,0.4165793,0.058900874108076,26.099546,0.0569263930722891,23,0.20783199042617417,68,Boa,Boa,Boa,Boa
152,fxhqNOfvxqI,34.602666666666664,48000,0.06630593,1.0673095,0.0621243678033351,24.615889,0.0764197021860554,0,0.0,77,Boa,Boa,Boa,Boa
156,mMSLH_aYhPM,60.801458333333336,48000,0.095908,0.6873003,0.1395430713891983,36.534283,0.0526726225388089,0,0.0,18,Boa,Boa,Boa,Boa
170,30hJ4l9JpRg,79.15683333333334,48000,0.0663066,1.0701346,0.0619609877467155,28.161045,0.0570522524760813,14,0.1768640736428314,24,Boa,Boa,Boa,Boa
192,YDAhohNeKQI,68.01066666666667,48000,0.030276343,0.99923,0.0302996728569269,17.13404,0.0717650926915085,3,0.04411072772898369,77,Boa,Boa,Boa,Boa
194,jG6b_cqJW-g,15.893333333333333,48000,0.19014983,1.0554588,0.1801584661006927,35.479546,0.0664959810949027,0,0.0,58,Ruim,Ruim,Ruim,Ruim
197,AIEihV-eiCA,15.658666666666669,48000,0.023858003,0.42308378,0.0563907288014888,37.604553,0.0536883349642614,5,0.3193119891008174,34,Ruim,Boa,Boa,Boa
199,qpyLckxirXM,23.881729166666663,48000,0.44614473,1.4711459,0.3032634258270263,38.87016,0.0091547827573693,0,0.0,10,Boa,Ruim,Ruim,Ruim
211,FKwjw5Moc-8,110.4,48000,0.08239571,1.0123795,0.0813881605863571,31.51745,0.0732087894587479,21,0.1902173913043478,24,Boa,Boa,Boa,Boa
215,bcCErOYkSEE,20.305854166666663,48000,0.06026756,0.6827908,0.0882665067911148,28.54134,0.0322909315093224,4,0.1969875272012074,60,Boa,Boa,Boa,Boa
238,IKem9Qmh0jA,60.03520833333334,48000,0.050016396,0.7049177,0.0709535256028175,24.698896,0.061620503891677,2,0.03331378461944206,72,Boa,Boa,Boa,Boa
243,ghU_yGFYa0s,40.06402083333333,48000,0.048512843,1.0142385,0.047831792384386,26.119663,0.0303015100978174,15,0.37440076377755815,52,Boa,Boa,Boa,Boa
246,MGefXuChRLk,84.224,48000,0.059073135,0.70765096,0.0834777876734733,35.762794,0.0682964926356527,16,0.18996960486322187,67,Boa,Boa,Boa,Boa
248,4q-_1JD2vGc,15.018666666666666,48000,0.042743072,0.46227166,0.0924631059169769,81.210526,0.0138323251197657,0,0.0,73,Ruim,Ruim,Ruim,Ruim
252,7PS4m-niwoY,14.805333333333332,48000,0.06468482,0.8787012,0.073614127933979,46.98702,0.0489255000224982,0,0.0,61,Boa,Boa,Boa,Boa
260,KjCDIZMy4ZU,27.46920833333333,48000,0.03620014,0.9094875,0.0398027896881103,29.453962,0.0437603115295031,5,0.18202199129024774,2,Boa,Boa,Boa,Boa
272,I89PVpAMrUI,76.60264583333333,48000,0.053369105,0.92996085,0.0573885515332222,28.853573,0.0622273729027429,26,0.33941386380529176,54,Ruim,Boa,Boa,Boa
327,SEdosmxc1-U,14.7330625,48000,0.005588171,0.20173392,0.0277007017284631,19.595655,0.042618261577424,0,0.0,70,Ruim,Ruim,Ruim,Ruim
328,EE3rnQITnPQ,51.31610416666667,48000,0.07176399,0.9992276,0.071819469332695,21.799238,0.0407889918610995,0,0.0,53,Boa,Boa,Boa,Boa
338,p4A-NrqFvuo,60.1396875,48000,0.08327157,0.9635736,0.0864195227622985,26.27138,0.0396688900680528,6,0.09976772825765015,17,Boa,Boa,Boa,Boa
360,CN23owcVjS4,17.043458333333334,48000,0.055685285,0.44797015,0.1243057921528816,43.510727,0.0413459329044117,0,0.0,50,Ruim,Ruim,Ruim,Ruim
380,2tjTeG9ZhTY,5.572791666666666,48000,0.02990116,0.4664876,0.0640985146164894,46.57989,0.0242217375717017,0,0.0,9,Ruim,Ruim,Ruim,Ruim
384,GT0nyH7b4AQ,25.425854166666667,48000,0.040168986,0.8239136,0.0487538836896419,26.894299,0.0530715020710989,1,0.03933004545078377,12,Boa,Boa,Boa,Boa
391,C17a8qQfBig,68.91683333333333,48000,0.10880704,0.91996026,0.1182736307382583,33.221313,0.0259352086074137,0,0.0,20,Boa,Boa,Boa,Boa
393,Z5k0XQUGGzY,15.9985625,48000,0.11684075,0.7000351,0.1669069826602935,29.261303,0.0548717447916666,0,0.0,18,Boa,Ruim,Boa,Boa
428,sYAmL--4hkM,23.521833333333333,48000,0.17717245,1.0627487,0.1667115241289138,44.40589,0.0255207743087035,0,0.0,4,Boa,Ruim,Boa,Boa
440,fYDXLCQ7kgM,48.192,48000,0.06793148,0.963277,0.0705212354660034,30.56862,0.0580164349482739,12,0.24900398406374502,24,Boa,Boa,Boa,Boa
457,3T3jrTUQqgU,52.964729166666665,48000,0.08642361,0.9183964,0.0941027328372001,27.737148,0.0804250151026983,0,0.0,16,Boa,Boa,Ruim,Boa
466,T9PfyS8pwZc,74.687,48000,0.18922892,1.2150697,0.155735045671463,31.154179,0.0682353172531062,0,0.0,58,Boa,Boa,Boa,Boa
478,_f_5AG6sI0k,11.157333333333334,48000,0.010487268,0.45578703,0.0230091400444507,33.454815,0.0233199767191977,4,0.35850860420650094,65,Boa,Boa,Boa,Boa
502,7NAC-bbswFc,78.66920833333333,48000,0.071314335,0.95233995,0.0748832747340202,23.7276,0.0680222914689533,0,0.0,77,Boa,Boa,Boa,Boa
539,4_WE4TsU1ys,10.517333333333331,48000,0.27378953,1.2409687,0.2206256538629531,38.900284,0.0505665447695035,0,0.0,15,Ruim,Ruim,Ruim,Ruim
585,qYYRlyDMjrE,73.45633333333333,48000,0.0764662,0.95145345,0.0803677812218666,27.689564,0.0395922571511543,6,0.08168118020229706,53,Ruim,Ruim,Boa,Ruim
586,D4X2y2yzVeg,49.77197916666667,48000,0.09852377,1.1286398,0.0872942581772804,49.70833,0.0328524246035997,0,0.0,61,Boa,Boa,Boa,Boa
595,8fYwlIhtXpQ,52.373333333333335,48000,0.04625421,1.0038817,0.0460753589868545,19.805265,0.035077106877418,3,0.05728105906313646,17,Boa,Boa,Boa,Boa
602,ch5Af1389ic,56.13425,48000,0.039585702,1.023782,0.0386661440134048,25.306229,0.0270719156730951,7,0.12470105149708066,17,Boa,Boa,Boa,Boa
621,oL6y3bIJIyQ,36.455333333333336,48000,0.06722165,0.9410635,0.0714315772056579,23.938526,0.0302071523917495,0,0.0,48,Boa,Boa,Boa,Boa
636,FsivcAXU0sI,13.973333333333333,48000,0.17865677,0.9767102,0.1829168647527694,32.299084,0.0380743915665522,0,0.0,4,Boa,Boa,Boa,Boa
662,DG2aramdjgs,69.05614583333333,48000,0.14362672,1.1902713,0.1206672191619873,27.209793,0.055612557311776,0,0.0,36,Boa,Boa,Boa,Boa
664,RawO1MIKkcg,21.14177083333333,48000,0.038325764,0.8052918,0.047592394053936,29.194801,0.0309153685230711,3,0.14189918260158357,17,Boa,Boa,Boa,Boa
665,rV5CBbtIjJI,74.2458125,48000,0.10445663,1.1317728,0.0922947078943252,26.896894,0.0336716954280994,21,0.2828442344812376,35,Boa,Boa,Boa,Boa
672,o3ZBJsShDlw,21.768979166666668,48000,0.057467207,0.83795595,0.068580225110054,20.92361,0.0257724461048505,1,0.04593692668562203,48,Boa,Boa,Boa,Boa
675,_IdPS2l8QRE,63.30920833333333,48000,0.04798242,0.5143797,0.0932821109890937,45.30694,0.1044631505590886,0,0.0,51,Ruim,Boa,Boa,Boa
678,9cpSu84GDX0,75.8944375,48000,0.027560392,0.4258405,0.0647199898958206,28.75474,0.0746012232556913,13,0.17129055077323685,68,Boa,Boa,Boa,Boa
682,1b3wlcCfeCc,82.41922916666667,48000,0.0574146,0.76667595,0.0748877003788948,27.153793,0.0368904794066261,7,0.08493163635205478,25,Boa,Ruim,Boa,Boa
690,1jzcNWLaZZ4,23.684354166666665,48000,0.08481239,0.98512465,0.0860930532217025,27.09799,0.0540492827695857,2,0.08444393230763277,1,Boa,Boa,Boa,Boa
703,0Oeq-DZQP14,55.2635,48000,0.029414717,0.53750455,0.0547245927155017,33.560986,0.0477085934484173,14,0.25333176508907324,19,Boa,Boa,Boa,Boa
715,VgKuxiu8jok,60.77825,48000,0.022729095,0.47010565,0.0483489073812961,25.173367,0.0395632067995349,10,0.16453254248024582,60,Ruim,Boa,Boa,Boa
730,UtsEJJLrqUA,33.982416666666666,48000,0.06568383,0.6135378,0.107057511806488,32.403435,0.0478365431771814,4,0.11770793228851195,46,Boa,Boa,Boa,Boa
750,2WUN0CScV4s,13.630125,48000,0.057968292,0.9602306,0.06036913767457,30.781647,0.0564025974422926,0,0.0,12,Boa,Boa,Boa,Boa
752,6xxi70O9EpI,7.325895833333333,48000,0.1292801,0.633016,0.2042288184165954,46.680153,0.0304120326146288,0,0.0,26,Ruim,Ruim,Boa,Ruim
753,4mdtz-9WTZ4,30.9754375,48000,0.028453313,0.23136005,0.1229828298091888,170.65732,0.0411790579803719,0,0.0,37,Boa,Boa,Boa,Boa
754,2zQljvuiXI8,88.81066666666666,48000,0.016435845,0.36467543,0.0450697876513004,25.065536,0.0560438628670289,6,0.06755945231803988,0,Boa,Boa,Boa,Boa
756,Tv5cq8V64Xk,60.181333333333335,48000,0.08819259,0.91982925,0.0958793088793754,22.675982,0.0540791169646021,0,0.0,1,Boa,Boa,Boa,Boa
759,WdE-vi0NoN0,50.10866666666666,48000,0.05135196,0.9502421,0.0540409237146377,26.039488,0.0604373287170072,0,0.0,12,Boa,Boa,Boa,Boa
787,h959Dkytds8,60.580875,48000,0.05030859,1.0065292,0.0499822460114955,21.318718,0.0571491939920774,8,0.13205487705484611,64,Boa,Boa,Boa,Boa
874,jWuYA-qbGA4,68.87039583333333,48000,0.033580974,0.8388898,0.0400302559137344,19.398243,0.0577078564203577,0,0.0,12,Boa,Boa,Boa,Boa
876,2ffj4xLesGU,49.446895833333336,48000,0.103557445,0.9802579,0.105643056333065,55.016342,0.0349510791900345,0,0.0,61,Boa,Boa,Boa,Boa
880,axuEcDA13Rg,9.984,48000,0.11599176,0.8594731,0.1349568217992782,55.66091,0.0426503510205442,0,0.0,61,Boa,Ruim,Ruim,Ruim
883,HFOA6sU8yvk,53.162104166666666,48000,0.0613558,0.6055298,0.1013258174061775,26.368492,0.0598480567503511,0,0.0,21,Boa,Boa,Boa,Boa
884,ZT9heVNg_2s,83.9053125,48000,0.10522291,0.48659292,0.2162442356348037,40.143322,0.0528912183607156,1,0.011918196478917828,55,Boa,Boa,Ruim,Boa
888,mSFiN-p2eCQ,107.84,48000,0.022607643,0.36802006,0.0614304654300212,29.328707,0.0711319200623083,30,0.27818991097922846,34,Boa,Boa,Boa,Boa
891,pHETdq9rIF0,48.49489583333333,48000,0.07608261,0.9968338,0.0763242691755294,31.795979,0.0327168840719155,11,0.226827995214273,35,Boa,Boa,Boa,Boa
892,6Kw2J40JSDw,60.30222916666666,48000,0.076488525,0.6755509,0.1132239326834678,28.883034,0.0262509465091085,0,0.0,9,Boa,Boa,Boa,Boa
907,kNJ9kzAzO5Y,59.129625,48000,0.053519834,1.1274605,0.0474693663418293,19.847198,0.0330984052297528,0,0.0,53,Boa,Boa,Boa,Boa
932,cYrh6Z7httY,59.19929166666667,48000,0.092485,1.0377989,0.0891164988279342,33.52211,0.0638240779842342,8,0.135136752058548,63,Boa,Ruim,Boa,Boa
978,eMeK2wN66FA,60.5344375,48000,0.030607153,0.9572326,0.0319746248424053,29.659311,0.063123857580162,5,0.08259761230952216,64,Boa,Boa,Boa,Boa
981,2KTtYrqwzRk,80.3410625,48000,0.02144333,0.39140472,0.054785568267107,28.944164,0.0760227067636418,13,0.16181015778824184,68,Boa,Boa,Boa,Boa
985,GO0ziRWD0wU,50.03902083333333,48000,0.08447425,1.0745605,0.0786128342151641,22.957573,0.0361042982070545,0,0.0,53,Boa,Boa,Boa,Boa
1003,jnajIOBzcvo,32.20608333333333,48000,0.03890192,0.4909891,0.07923174649477,31.718494,0.0601578668253311,2,0.06210006908632686,42,Boa,Boa,Boa,Boa
1013,Fk-JKgxBGUE,98.98666666666666,48000,0.06927481,1.0059261,0.0688666999340057,28.469273,0.0663166011205689,21,0.21214978448275862,24,Boa,Boa,Boa,Boa
1015,rnfO2ZJlOs8,10.274833333333332,48000,0.34253752,1.1038213,0.310319721698761,56.316063,0.0423847372601141,0,0.0,10,Ruim,Ruim,Ruim,Ruim
1024,-YCaIZ0geac,64.704,48000,0.06715541,0.46718144,0.1437458992004394,40.90216,0.0597290220145871,11,0.17000494559841742,46,Ruim,Ruim,Ruim,Ruim
1053,CKlHsYQ81WU,68.81235416666667,48000,0.07486837,1.0063939,0.0743927136063575,40.587303,0.0724716990613375,17,0.24704866162295833,54,Ruim,Boa,Ruim,Ruim
1082,KNjnTiUoIG4,84.834125,48000,0.065768704,1.01353,0.0648907348513603,29.039612,0.0541124773109441,16,0.1886033480041198,24,Boa,Boa,Boa,Boa
1089,eFY27EbUdFM,81.94322916666667,48000,0.073029004,0.9894375,0.0738086029887199,26.300413,0.0677843432741116,10,0.12203570815668877,24,Boa,Boa,Boa,Boa
1113,MuA0T0CAZNw,40.286625,48000,0.01788271,0.27656102,0.0646609961986541,27.173613,0.041483092566852,0,0.0,70,Boa,Boa,Boa,Boa
1115,3vmHSYT9BpE,92.25289583333333,48000,0.03941078,0.5126106,0.0768824890255928,36.427677,0.0596836181386576,21,0.22763513069485852,67,Boa,Boa,Boa,Boa
1144,W2ouLkM9NJ4,75.07297916666667,48000,0.010318174,0.4270915,0.0241591650992631,23.081818,0.0830941062739735,8,0.10656297497185377,30,Boa,Boa,Boa,Boa
1147,fZunwKCDklI,73.65370833333333,48000,0.08719776,1.1877644,0.0734133422374725,21.830383,0.0439830683916159,1,0.013577048903964443,53,Boa,Boa,Boa,Boa
1176,mpEb88kyJOM,13.212166666666668,48000,0.03240644,0.7057742,0.0459161549806594,24.1245,0.0716725150070621,0,0.0,72,Boa,Boa,Boa,Boa
1208,azGFIxktV-I,41.31991666666666,48000,0.117310256,1.5556307,0.0754100903868675,32.496593,0.0364240923060789,5,0.1210070204239683,43,Boa,Ruim,Ruim,Ruim
1223,H0ZDI4FQXjk,46.2309375,48000,0.051055387,0.6905066,0.0739390328526496,22.84853,0.0436450223471741,0,0.0,25,Boa,Boa,Boa,Boa
1239,sweOddUh-zo,58.839375,48000,0.13643195,0.9760552,0.1397789269685745,33.18857,0.0711253285299981,2,0.03399084371647388,58,Ruim,Ruim,Ruim,Ruim
1243,i5IvdliHmAM,18.68045833333333,48000,0.08026344,0.9991183,0.0803342685103416,27.978676,0.0698448425014269,0,0.0,77,Boa,Boa,Boa,Boa
1249,DkxamO1daSE,60.63891666666667,48000,0.08798211,1.0401855,0.0845831036567688,24.919151,0.0583544621262093,0,0.0,1,Boa,Boa,Boa,Boa
1251,EnskSrMV23I,62.208,48000,0.13949826,1.2397455,0.112521693110466,31.328127,0.0470106104277387,0,0.0,36,Boa,Boa,Boa,Boa
1264,Qf_ABPyvtno,59.81460416666667,48000,0.03601204,0.46962577,0.0766824185848236,22.16635,0.0524871869706223,0,0.0,42,Boa,Boa,Boa,Boa
1266,RNuafKgk7ns,41.408,48000,0.032858722,0.32161832,0.102166824042797,26.838306,0.0507554715667653,0,0.0,0,Boa,Boa,Boa,Boa
1269,TaNt-Tb0JRo,59.477916666666665,48000,0.066508055,0.90573287,0.073430098593235,28.984497,0.0546725284931414,5,0.08406481397157209,12,Boa,Boa,Boa,Boa
1271,ZnQSKE0EiOA,57.68535416666667,48000,0.031715505,0.57358557,0.0552934147417545,25.970419,0.0505609863190978,3,0.05200626819993665,42,Boa,Boa,Boa,Boa
1273,p8IPaM5RwSk,95.17860416666667,48000,0.04794502,0.82807344,0.0578994750976562,31.227287,0.0387293546172811,22,0.23114438578523314,2,Boa,Boa,Ruim,Boa
1280,a2sTV61fFaw,42.956916666666665,48000,0.05664106,0.5322401,0.1064201295375824,34.0002,0.0768042889228525,0,0.0,21,Boa,Boa,Boa,Boa
1286,geq_xPXX5ck,34.272979166666666,48000,0.073758766,0.9484211,0.0777700617909431,31.064217,0.0309292900688394,3,0.08753251316178987,48,Ruim,Boa,Boa,Boa
1290,6bDY7VRI7sY,33.36708333333333,48000,0.095457606,0.62910354,0.1517359167337417,39.42967,0.0450654412352189,0,0.0,55,Ruim,Ruim,Ruim,Ruim
1355,PeO-01gRTDI,24.5435,48000,0.08638474,1.0686412,0.0808360576629638,26.993952,0.0703606702928074,0,0.0,76,Ruim,Ruim,Ruim,Ruim
1383,3LrEBXmXHoA,15.061333333333334,48000,0.121447176,0.94734967,0.1281967759132385,42.790245,0.0189600335058386,0,0.0,20,Boa,Boa,Ruim,Boa
1389,c0AnqKD5g58,83.264,48000,0.06971628,1.0064237,0.0692713037133216,28.787653,0.0582847199428397,14,0.1681398923904689,24,Boa,Boa,Boa,Boa
1400,tm_2AkBPOP0,50.71297916666666,48000,0.06843469,0.963187,0.0710502713918685,29.087961,0.0563943792718191,7,0.1380317251131059,24,Boa,Boa,Boa,Boa
1415,Y2cToLuJV_g,86.88908333333333,48000,0.05722635,0.97666526,0.0585936158895492,27.938927,0.0487264646759145,14,0.16112495911933702,17,Boa,Boa,Boa,Boa
1418,LpYxJwDBkOQ,102.93333333333334,48000,0.13986081,1.2064129,0.1159311309456825,28.666328,0.0549249369398248,0,0.0,36,Boa,Boa,Boa,Boa
1422,79a1PkMpCyI,58.18920833333333,48000,0.063590534,0.97529984,0.0652010068297386,27.11829,0.0784676739197672,0,0.0,77,Boa,Boa,Boa,Boa
1449,UOhaIKXlvnI,65.24808333333333,48000,0.085935265,0.9732874,0.0882938206195831,29.806969,0.0505360718372017,4,0.06130448276258435,1,Boa,Boa,Boa,Boa
1453,FlCSlxbEIHI,104.94260416666668,48000,0.08169749,1.0600806,0.0770672336220741,29.462349,0.0484465916886878,7,0.06670312839657391,1,Boa,Boa,Boa,Boa
1456,-MJYcvzq6NM,94.51683333333334,48000,0.07460624,1.0545884,0.0707444101572036,36.733276,0.0418511750049373,12,0.1269615112651891,17,Boa,Boa,Boa,Boa
1463,JXcWoRrSYbQ,28.177416666666662,48000,0.1894372,1.1788741,0.1606933176517486,32.896027,0.0694043190528009,0,0.0,58,Ruim,Boa,Ruim,Ruim
1470,5jK4ccLczAA,15.116208333333333,48000,0.064531945,0.9805405,0.0658126249909401,34.973267,0.0261843402900211,0,0.0,48,Ruim,Ruim,Ruim,Ruim
1478,LuH5NoBMUVU,25.716104166666668,48000,0.054913227,0.41309512,0.132931187748909,47.634834,0.0366931916865408,0,0.0,50,Boa,Boa,Boa,Boa
1480,ZR2t0iPGcXI,53.046,48000,0.18257184,0.9876138,0.1848615705966949,52.27169,0.03456283219617,0,0.0,4,Boa,Boa,Boa,Boa
1487,fkxXjEDO-48,102.82958333333332,48000,0.02763396,0.22082177,0.1251414716243744,39.5765,0.1374089075141323,24,0.23339586937935342,51,Boa,Boa,Boa,Boa
1495,jZDNKQFl7wA,36.11864583333333,48000,0.01609671,0.27366215,0.0588196404278278,32.370228,0.0542880233706082,0,0.0,0,Boa,Boa,Ruim,Boa
1496,7vbZKg_s8oM,38.72,48000,0.030615473,0.4397598,0.0696186274290084,37.1761,0.0487376228569953,5,0.1291322314049587,60,Boa,Boa,Boa,Boa
1498,AsuhGc4deSA,54.784,48000,0.07665755,0.8372333,0.0915605574846267,26.840302,0.0611782092539419,0,0.0,56,Boa,Boa,Boa,Boa
1513,3DaG4vJYW7c,26.377875,48000,0.039882988,0.59987056,0.0664859861135482,32.536137,0.0315817074403558,6,0.22746335707482124,19,Boa,Ruim,Boa,Boa
1526,YWiKTEiwHFY,36.4785625,48000,0.07310359,0.53917587,0.1355839520692825,32.24427,0.0616502192982456,0,0.0,21,Boa,Boa,Boa,Boa
1534,6vfGMn49Z90,69.659875,48000,0.062320057,0.64059436,0.0972847416996955,28.06356,0.0337724500220104,0,0.0,9,Boa,Boa,Boa,Boa
1547,mDu7IGbtZAY,78.5415,48000,0.021982962,0.5794436,0.0379380546510219,23.586922,0.038070885918828,19,0.24191032766117276,19,Ruim,Ruim,Boa,Ruim
1549,dEnGq2aGURM,58.491083333333336,48000,0.3002072,1.3895847,0.2160409539937973,33.53079,0.0682963365016411,0,0.0,15,Ruim,Ruim,Ruim,Ruim
1551,LJ8xrO3dKoM,88.00364583333334,48000,0.011757177,0.20006424,0.0587670095264911,29.950024,0.0308320819067385,0,0.0,70,Ruim,Ruim,Ruim,Ruim
1563,IGMBvMTr2Ak,34.474666666666664,48000,0.06237489,0.4835795,0.1289858072996139,34.0843,0.0822683677118775,1,0.02900680693069307,21,Boa,Boa,Boa,Boa
1566,bE9VFn64KX8,16.242375,48000,0.0984474,1.0213938,0.0963853523135185,27.136862,0.0404443070830597,0,0.0,53,Boa,Boa,Boa,Boa
1645,5jcZM4A_Ao0,106.30095833333333,48000,0.06459736,0.606917,0.1064352393150329,30.930824,0.0646372961036273,9,0.08466527622242352,21,Boa,Boa,Ruim,Boa
1670,rwqcBgFlv9w,95.01697916666669,48000,0.10544154,0.81866634,0.1287967264652252,27.997437,0.05500646144968,2,0.021048869555112405,18,Boa,Boa,Boa,Boa
1692,n7lGOKaYsX4,67.09333333333333,48000,0.025125548,0.4997553,0.0502757020294666,29.22841,0.0460848707478938,15,0.2235691573926868,60,Boa,Boa,Boa,Boa
1769,LmHPCc3EFOg,41.48245833333333,48000,0.14801227,0.90328825,0.1638593971729278,36.603184,0.0711842245355489,7,0.16874602618174955,63,Boa,Boa,Boa,Boa
1779,oDDk-8FHwnk,90.1863125,48000,0.040803567,0.4892211,0.0834051668643951,26.942657,0.050302439846984,0,0.0,42,Ruim,Ruim,Boa,Ruim
1798,t50j9cbeuew,32.74014583333334,48000,0.071057975,0.95569766,0.0743519440293312,38.92859,0.0634479336319218,0,0.0,56,Boa,Boa,Boa,Boa
1846,b30BhV93-cA,63.378875,48000,0.06096196,0.97975796,0.0622214488685131,27.975218,0.0427284715794345,9,0.14200315168106092,17,Boa,Boa,Boa,Boa
1858,PeaW8eX-n78,41.610166666666665,48000,0.051986318,0.8643599,0.0601442940533161,22.370012,0.0285353515124327,1,0.024032588189585077,48,Boa,Boa,Boa,Boa
1887,S3clngTRDa4,111.66477083333334,48000,0.062283766,1.0325582,0.060319859534502,32.917614,0.0643764477266214,39,0.3492596609382734,54,Boa,Boa,Boa,Boa
1905,NhxcuT2FDLw,22.140229166666668,48000,0.06836157,0.7894898,0.0865895599126815,31.073818,0.0545804826740125,0,0.0,56,Boa,Boa,Boa,Boa
1963,Q7wPKBo8HB0,55.356375,48000,0.04372246,0.77321494,0.0565463192760944,26.371086,0.058754816955684,7,0.1264533669337994,64,Boa,Boa,Boa,Boa
2018,cnPWfcdX9Rk,29.546666666666667,48000,0.041230194,0.4742755,0.0869330018758773,44.67867,0.0836405869383796,0,0.0,14,Boa,Boa,Boa,Boa
2025,IHHXZzGOv4E,38.10395833333333,48000,0.06923841,1.0264533,0.067454032599926,20.551146,0.0638592066365799,0,0.0,77,Boa,Ruim,Boa,Boa
2055,8mwykk_XYJg,60.77825,48000,0.18836682,1.0911571,0.1726303398609161,28.430122,0.0493257468355124,0,0.0,41,Boa,Boa,Boa,Boa
2084,YecaStNVkxE,47.07845833333333,48000,0.111756474,1.0611712,0.1053142771124839,23.00214,0.0350584610047575,0,0.0,20,Boa,Ruim,Boa,Boa
2121,ndv7SDaMBQg,111.386125,48000,0.24194777,1.4501979,0.1668377518653869,31.702602,0.0467159801272383,0,0.0,41,Ruim,Ruim,Ruim,Ruim
2197,2IcxKzVJwSQ,106.20808333333332,48000,0.051348917,0.98471177,0.0521461404860019,30.929937,0.0735040784576471,2,0.018830958409474484,77,Boa,Boa,Boa,Boa
2198,fRkDwBFTxDg,90.73197916666666,48000,0.09526282,1.0038141,0.0949008539319038,34.050354,0.0619356669507464,13,0.14327914060069322,63,Ruim,Boa,Boa,Boa
2208,d1dxvXd66Xc,5.015520833333333,48000,0.13151126,0.7218163,0.1821949034929275,47.538033,0.0599652916003184,0,0.0,18,Ruim,Ruim,Boa,Ruim
2211,JkAqlpeNG0Y,56.4709375,48000,0.10328129,0.9793853,0.1054552122950553,30.592026,0.0443386117504721,0,0.0,1,Boa,Boa,Boa,Boa
2212,dqfZ6w1urMs,32.2176875,48000,0.07765996,0.8612207,0.0901742801070213,32.32486,0.0607471333478152,0,0.0,56,Boa,Boa,Boa,Boa
2228,AKpqzVycj6s,75.28535416666666,48000,0.06377422,1.0023565,0.0636242851614952,37.391056,0.0597846748167233,27,0.35863549157552504,54,Boa,Boa,Boa,Boa
2232,PnlJPJhN1rY,39.880291666666665,48000,0.031649906,0.78961813,0.0400825478136539,20.796116,0.0639137825120353,2,0.050150084576028056,72,Boa,Boa,Boa,Boa
2245,13Mq-rp-Db0,107.91475,48000,0.07335568,1.0246601,0.0715902596712112,24.101074,0.045570616336603,1,0.009266573846485304,53,Boa,Boa,Boa,Boa
2246,Xr4n4NL3tRY,102.77152083333333,48000,0.12236212,1.0250698,0.1193695440888404,31.851711,0.026690360258822,15,0.14595483143940047,35,Boa,Boa,Boa,Boa
2261,CWZ_dp-sCR8,59.24572916666666,48000,0.05150078,0.49864012,0.1032824590802192,47.95501,0.0243614986498649,0,0.0,9,Boa,Ruim,Boa,Boa
2262,n7ct0UdtTlM,15.000979166666667,48000,0.15360859,1.0104749,0.1520162373781204,33.689407,0.0171460637659914,1,0.06666231509887549,4,Ruim,Boa,Ruim,Ruim
2267,rbptGCEsaaI,37.697604166666665,48000,0.086284176,0.9643078,0.0894778370857238,29.84336,0.0830080887553041,4,0.10610753888537347,16,Boa,Boa,Boa,Boa
2276,2G9CmHhgIZE,25.62133333333333,48000,0.039501928,0.44688225,0.0883944854140281,40.824615,0.0566778099641073,5,0.19514987510407997,67,Boa,Boa,Boa,Boa
2280,ZI5oNApyXNs,28.374791666666667,48000,0.14548774,0.963341,0.1510241329669952,33.983414,0.0376985787180571,0,0.0,4,Ruim,Ruim,Ruim,Ruim
2281,s2yReXncnEI,58.421416666666666,48000,0.14163856,1.0951871,0.129328191280365,34.41116,0.0632392852660642,6,0.10270206274240183,63,Boa,Ruim,Boa,Boa
2286,K43_CEwVGtY,75.41333333333333,48000,0.047864642,0.83173966,0.0575476251542568,29.130781,0.0498835472351859,21,0.2784653465346535,2,Boa,Boa,Ruim,Boa
2331,UoHFi3_Jros,14.384770833333333,48000,0.086196676,0.9526032,0.090485394001007,32.25344,0.0611893503289473,2,0.13903593065003644,24,Boa,Boa,Boa,Boa
2332,ft3rf3820LU,45.139604166666665,48000,0.071898185,1.0429118,0.0689398571848869,20.782728,0.039503476119447,2,0.044306990212308946,53,Boa,Boa,Ruim,Boa
2334,aeQe7vLBrzM,27.260229166666665,48000,0.17151524,1.1503378,0.1490998864173889,32.10941,0.080677396628032,0,0.0,58,Boa,Boa,Boa,Boa
2342,1Ytgn6D0d8Q,46.06839583333333,48000,0.04957504,1.0333087,0.0479769855737686,21.35767,0.0326031461637531,6,0.13024113150600808,17,Boa,Boa,Boa,Boa
2347,U5QNlwxicl8,54.07929166666667,48000,0.04863489,0.55355555,0.0878590941429138,30.512886,0.0544924764238165,4,0.07396546583219239,46,Boa,Boa,Boa,Boa
2360,HpYRSL662qM,41.19220833333333,48000,0.05039428,0.90777403,0.0555141270160675,28.009663,0.0349609122135551,15,0.3641465366124055,52,Ruim,Ruim,Ruim,Ruim
2367,pwgPvk9IEAs,20.665770833333333,48000,0.12689884,0.61955273,0.2048233151435852,52.7349,0.039259021865325,0,0.0,26,Ruim,Ruim,Boa,Ruim
2370,LIQ2cED5J8s,43.35166666666667,48000,0.026284114,0.27906707,0.0941856503486633,31.904552,0.0845094124769372,1,0.023067163892199455,14,Boa,Boa,Boa,Boa
2374,cJFUH9wS7_Q,15.081375,48000,0.10357575,1.0231111,0.1012360751628875,27.14366,0.0626084302068599,0,0.0,76,Boa,Boa,Boa,Boa
2377,c422IN6G1qA,23.405729166666667,48000,0.10053393,0.59307796,0.1695121675729751,29.026701,0.0407184296697038,0,0.0,55,Boa,Boa,Boa,Boa
2384,hCBvJKvGnwM,89.6058125,48000,0.034807436,0.9024477,0.0385700315237045,20.929684,0.0419478405658552,20,0.22319980637416797,2,Boa,Boa,Ruim,Boa
2385,aipxUnaR89Y,26.853895833333333,48000,0.016673455,0.23822868,0.0699892863631248,26.366787,0.0555954161288721,3,0.11171563405992457,0,Boa,Boa,Boa,Boa
2412,dSD1Ko32G3U,69.86885416666667,48000,0.043121893,0.88922596,0.0484937392175197,23.46884,0.0433693031121202,18,0.2576255216245913,2,Boa,Boa,Ruim,Boa
2415,UWOdqouY2Ug,94.13370833333332,48000,0.11445625,1.1435528,0.1000882983207702,24.359463,0.0636906073851405,0,0.0,76,Ruim,Boa,Boa,Boa
2448,3Llfu0gsBiM,10.7740625,48000,0.24186109,0.91064453,0.2655932903289795,36.51799,0.0536877550074183,0,0.0,57,Ruim,Ruim,Ruim,Ruim
2457,CNOnnPUDOOg,11.029333333333334,48000,0.070820145,0.9284297,0.0762794911861419,31.552994,0.0435627075785024,1,0.09066731141199226,17,Ruim,Ruim,Ruim,Ruim
2498,Qc3Gam07mOI,55.97170833333333,48000,0.039214287,1.0364224,0.0378362014889717,24.08885,0.0749505205852229,13,0.23226019692984776,8,Boa,Boa,Boa,Boa
2504,RaCf8r0WOOY,59.58241666666667,48000,0.028646195,0.4291345,0.0667534247040748,35.202766,0.06171958915145,4,0.06713389996209732,68,Boa,Boa,Boa,Boa
2514,LdyuDROjkig,34.5513125,48000,0.04154942,0.73785996,0.0563107132911682,22.801418,0.0305135091145833,0,0.0,25,Boa,Boa,Boa,Boa
2533,ipVvza5RIc4,62.984145833333336,48000,0.052867457,0.57166564,0.092479683458805,27.626448,0.0631515102402624,0,0.0,21,Boa,Boa,Boa,Boa
2543,TQi0ddZTFGU,72.77135416666667,48000,0.042859014,0.81457436,0.0526152253150939,23.383564,0.0451759272405833,12,0.16490005081555384,17,Boa,Boa,Boa,Boa
2558,2war6OtJLNA,30.8245,48000,0.060329244,0.7426382,0.0812363922595977,43.77354,0.039961849859429,0,0.0,22,Boa,Ruim,Boa,Boa
2577,Hi9MXQI2Up4,91.80097916666666,48000,0.16627827,1.0731523,0.1549437791109085,30.985546,0.0375690072397467,1,0.010893129997932575,4,Boa,Ruim,Boa,Boa
2597,MI5AG4I5bKE,58.7929375,48000,0.06527344,0.6122757,0.1066079214215278,28.607933,0.0550150878197568,0,0.0,22,Boa,Boa,Boa,Boa
2601,15V2YPc_E_s,83.84727083333334,48000,0.016197355,0.2845025,0.0569322071969509,29.160946,0.0649305983454713,11,0.1311909128427704,68,Boa,Boa,Boa,Boa
2603,9hFAy9SjRS0,14.890666666666666,48000,0.18247704,1.1141872,0.1637759208679199,45.4953,0.0599456983715103,0,0.0,41,Ruim,Ruim,Ruim,Ruim
2605,o8nbHwxxnOk,41.85397916666667,48000,0.047202386,0.873123,0.0540615543723106,25.245916,0.0609782896518221,2,0.04778518171559753,12,Boa,Boa,Boa,Boa
2617,AIJ3q4Kz61g,71.80772916666666,48000,0.05686498,0.74574375,0.076252706348896,27.895994,0.0421614032094845,2,0.027852154958945635,25,Ruim,Ruim,Boa,Ruim
2646,TwbNjNuLtpU,15.975333333333332,48000,0.11937318,0.5765387,0.20705147087574,85.529396,0.0309038353220961,0,0.0,31,Ruim,Boa,Ruim,Ruim
2656,BcUqALMQBl0,51.501875,48000,0.14013745,1.0787967,0.1299016177654266,50.82157,0.0355398778862083,0,0.0,61,Boa,Ruim,Ruim,Ruim
2679,8R3UHC4LbRo,58.28210416666667,48000,0.05241737,0.61640996,0.0850365459918975,25.291035,0.0466735750480417,0,0.0,22,Boa,Boa,Boa,Boa
2692,IneIRLZE3Tk,58.514291666666665,48000,0.063141495,0.48332494,0.130639836192131,45.58938,0.0521471202264856,0,0.0,50,Ruim,Boa,Boa,Boa
2717,Z4iAXJRKGOs,69.44,48000,0.09796187,0.8332535,0.1175655126571655,41.300415,0.0552539992416679,18,0.25921658986175117,63,Boa,Ruim,Boa,Boa
2719,iIKSbEn6eas,73.5724375,48000,0.034213442,0.6191544,0.0552583374083042,26.478367,0.0370907583040374,13,0.1766966059810102,60,Boa,Boa,Boa,Boa
2728,hf72jV4J5KQ,79.43547916666667,48000,0.06169409,0.8869233,0.0695596635341644,27.17679,0.0686673042469454,4,0.0503553329313649,77,Boa,Boa,Boa,Boa
2729,eNCjDvmXKg4,37.72083333333333,48000,0.15705943,1.060676,0.1480748504400253,30.57837,0.0395696940380265,0,0.0,4,Boa,Boa,Boa,Boa
2731,koqEKaaWvHw,75.97570833333333,48000,0.055479232,0.67143047,0.0826284065842628,22.293049,0.0746874945160045,0,0.0,72,Boa,Boa,Boa,Boa
2749,mmPsIJGyEHo,80.832,48000,0.02462969,0.29788572,0.0826816707849502,32.1386,0.0618000163898601,0,0.0,0,Boa,Boa,Boa,Boa
2750,aNNvWSiU9og,26.853895833333333,48000,0.016678607,0.23902415,0.0697779133915901,26.372566,0.0556012336179507,3,0.11171563405992457,0,Boa,Boa,Boa,Boa
2755,CrrC6hoJcSo,23.695979166666667,48000,0.16362132,1.3014675,0.1257206350564956,47.92981,0.0564272491702295,0,0.0,36,Boa,Boa,Boa,Boa
2756,bZqwKHyXXzI,47.926,48000,0.03936062,0.28197157,0.1395907402038574,29.581467,0.0534685353040164,0,0.0,50,Boa,Boa,Boa,Boa
2759,CBKQvnEWsqo,104.06022916666667,48000,0.033188436,0.38646892,0.0858760848641395,33.42652,0.0684359504727859,3,0.028829457940123215,14,Boa,Boa,Boa,Boa
2760,bpOS1m6qRRs,85.403,48000,0.052895706,0.9251206,0.0571770928800106,28.207275,0.0540706691215499,11,0.12880109598023487,64,Ruim,Boa,Boa,Boa
2781,OMer_q3d6bA,15.673479166666668,48000,0.02956076,0.52267736,0.0565564185380935,24.450796,0.0437068186649659,5,0.31901021763142884,19,Boa,Boa,Boa,Boa
2786,K_pIJh3-cR4,34.49325,48000,0.100385375,0.99141794,0.1012543439865112,28.863699,0.0470711278119202,3,0.08697353830097192,1,Boa,Boa,Boa,Boa
2818,1Hw8MtsTvGg,31.3005,48000,0.10571373,1.25429,0.0842817351222038,25.460073,0.0496346624787052,6,0.1916902285905976,43,Boa,Boa,Boa,Boa
2823,hPf3-DRWGFg,79.19166666666666,48000,0.019779747,0.6143686,0.0321952439844608,41.461277,0.0789366319444444,31,0.3914553298958224,11,Boa,Boa,Boa,Boa
2857,_9EBME35xsA,89.06666666666666,48000,0.058386903,0.8258047,0.0707030370831489,27.32587,0.0437150584510837,0,0.0,25,Boa,Boa,Boa,Boa
2876,s-Hc5BlDxqs,60.26739583333333,48000,0.08739121,0.65366924,0.1336933225393295,180.5339,0.0234856282350468,0,0.0,33,Boa,Boa,Ruim,Boa
2914,HXgD2_0-uSw,37.61633333333333,48000,0.11651931,1.0099075,0.1153762191534042,26.247402,0.0754277548642614,0,0.0,76,Boa,Boa,Boa,Boa
2937,MGExjlp6hD4,50.41054166666667,48000,0.07093953,1.0110939,0.0701611787080764,25.366161,0.0395167896014071,0,0.0,53,Boa,Boa,Boa,Boa
2948,gemYZ8FCYJY,38.97470833333333,48000,0.045842823,0.89396703,0.0512802153825759,23.690605,0.0454117598009031,9,0.23091898271635558,2,Boa,Boa,Boa,Boa
2957,bnoybpAZxck,104.55466666666666,48000,0.056680024,0.8194427,0.0691689923405647,25.561958,0.0840290540045139,1,0.009564374617425016,16,Boa,Boa,Boa,Boa
2975,eomnrC2F_H8,82.68627083333334,48000,0.0407214,0.48588705,0.0838083699345588,35.558792,0.057880350433759,7,0.08465734310487356,46,Boa,Boa,Boa,Boa
2986,lVCg2cpUD1k,9.822041666666667,48000,0.10803388,0.64980674,0.1662553995847702,28.511963,0.0438127714440825,0,0.0,55,Ruim,Ruim,Ruim,Ruim
3010,U4Js5zZK9tc,65.34095833333333,48000,0.058649745,0.94511956,0.0620553717017173,22.989004,0.0483056497153525,9,0.13773902663145818,17,Boa,Ruim,Boa,Boa
3059,ZL-7gKzZLKM,25.40264583333333,48000,0.07465545,0.809834,0.092186115682125,34.496284,0.0367030889221242,0,0.0,48,Boa,Boa,Boa,Boa
3062,8SuVwgNmYuM,75.0236875,48000,0.10452453,1.0063746,0.1038624495267868,37.455826,0.0551147634480736,1,0.013329123551811553,1,Ruim,Ruim,Ruim,Ruim
3073,CsLN2WEex5M,12.8,48000,0.0491207,1.0116224,0.0485563576221466,31.025547,0.094234215627602,6,0.46875,40,Boa,Boa,Boa,Boa
3128,PwQgTrKH--s,52.27972916666667,48000,0.029906508,0.49068463,0.0609485320746898,22.019634,0.0389991489443084,0,0.0,70,Boa,Boa,Boa,Boa
3133,sqStiPkclM0,18.378604166666666,48000,0.07061404,0.9024498,0.0782470554113388,39.98969,0.0572774026951538,0,0.0,56,Boa,Boa,Boa,Boa
3137,sjbcn2-kyjs,57.748041666666666,48000,0.14572744,1.0961604,0.1329435408115387,30.901993,0.0422114360627539,2,0.034633209062644985,36,Boa,Boa,Boa,Boa
3139,WDZsLCywjgE,64.66133333333333,48000,0.015112071,0.31221125,0.0484033524990081,32.440033,0.0416567609114712,15,0.23197789508413066,60,Boa,Boa,Boa,Boa
3143,3BznfisDwhs,42.3648125,48000,0.05888464,0.9392915,0.0626904889941215,29.942284,0.0790302626195871,1,0.023604494885938656,77,Ruim,Boa,Boa,Boa
3153,pxzlOZaMooE,79.53995833333333,48000,0.16696303,1.0532537,0.1585211902856826,31.804783,0.0367906203902373,0,0.0,4,Boa,Boa,Boa,Boa
3160,ZAe0BloFW6E,80.4339375,48000,0.07028701,0.8368822,0.0839867442846298,27.862787,0.0267222128406378,5,0.062162815291741745,48,Ruim,Boa,Boa,Boa
3162,fzDxrK6CVYE,23.928979166666668,48000,0.13124548,1.0447508,0.1256237179040908,29.8288,0.0400923730642825,0,0.0,20,Boa,Ruim,Boa,Boa
3163,Tj_F5DnsnN0,54.0560625,48000,0.044583723,0.85765505,0.0519832819700241,19.898727,0.0391420817506906,5,0.09249656317457454,17,Boa,Boa,Boa,Boa
3168,4v2xgIkhBQM,21.652625,48000,0.04923899,0.82075226,0.0599925145506858,26.389816,0.045304321890394,6,0.2771026607628405,2,Boa,Boa,Boa,Boa
3175,2tqXuAADf9I,32.10666666666667,48000,0.041983794,1.0313163,0.0407089404761791,29.19455,0.0515716461516107,9,0.2803156146179402,2,Boa,Boa,Boa,Boa
3236,ZdLlQNRZQdc,12.051166666666669,48000,0.08959551,0.91871256,0.0975228995084762,29.738098,0.0630863696073008,0,0.0,56,Boa,Boa,Boa,Boa
3246,4Aegg62pnUM,34.562916666666666,48000,0.08342823,1.0132186,0.082339808344841,55.744156,0.0447095984553378,0,0.0,61,Boa,Ruim,Ruim,Ruim
3261,S-phi9b7B2c,10.602666666666666,48000,0.17457272,1.1573553,0.1508376151323318,42.15624,0.0536064109610552,0,0.0,36,Ruim,Boa,Boa,Boa
3297,TfobYyj8450,86.16927083333333,48000,0.19444811,1.2707458,0.1530188918113708,27.022753,0.0512323012400977,2,0.023210130254767446,41,Boa,Ruim,Ruim,Ruim
3308,UYzkLh7ogbg,28.885354166666666,48000,0.018629601,0.30455366,0.0611701756715774,26.950619,0.0631948409814507,1,0.034619620525684514,0,Boa,Boa,Boa,Boa
3318,tXDYbLktjc8,11.192020833333334,48000,0.11371281,0.85349286,0.133232295513153,42.011562,0.0419256882440476,0,0.0,61,Ruim,Ruim,Ruim,Ruim
3323,rao2ziRzam8,108.14695833333332,48000,0.11848596,1.0781772,0.1098946928977966,32.515724,0.0438673435342489,4,0.03698670828698758,1,Boa,Boa,Boa,Boa
3327,21_c_cHBA28,78.61116666666666,48000,0.05452058,0.8667525,0.0629021301865577,24.988682,0.0391991127459294,0,0.0,48,Ruim,Boa,Boa,Boa
3332,rBloiFKZJTk,40.0544375,48000,0.029574443,0.52332246,0.0565128475427627,28.438013,0.0449803751497603,14,0.34952431924677513,19,Boa,Boa,Boa,Boa
3347,gJNLXctz-PY,40.8206875,48000,0.04794116,0.80577815,0.0594967231154441,30.222338,0.0818567089103736,0,0.0,72,Boa,Boa,Boa,Boa
3366,GOFl4lQyryQ,80.45714583333333,48000,0.05688664,0.97200704,0.0585249252617359,25.08209,0.0351926946962415,8,0.09943181450373556,17,Boa,Boa,Boa,Boa
3371,VTJ7Jh3irbU,16.346854166666667,48000,0.09815655,0.8434676,0.116372637450695,32.42783,0.0264761191291585,0,0.0,20,Ruim,Ruim,Ruim,Ruim
3379,PnobetspWm8,47.2990625,48000,0.22699077,1.1264572,0.201508566737175,57.302162,0.0331039273886696,0,0.0,57,Ruim,Ruim,Ruim,Ruim
3380,D-ogvSZRwUE,73.68854166666667,48000,0.0851714,0.9025546,0.0943670347332954,30.18203,0.0438528719333478,1,0.013570630892975786,53,Boa,Boa,Boa,Boa
3410,ppJilVVgijU,23.231583333333333,48000,0.041195713,1.047136,0.0393413230776786,20.906374,0.0458733284550045,0,0.0,12,Boa,Boa,Boa,Boa
3464,g3wvdYEGc3s,28.67664583333333,48000,0.20592362,1.3641655,0.1509520709514618,43.779327,0.0906049530494607,5,0.17435790883842037,32,Boa,Boa,Boa,Boa
3475,JV3U4WhAmwI,38.3129375,48000,0.032215457,0.40981156,0.0786104202270507,172.02315,0.0456382564553173,0,0.0,69,Boa,Boa,Boa,Boa
3481,SOkcI1hADg0,14.5473125,48000,0.048752237,0.6833155,0.0713465958833694,26.407576,0.0549062242256231,0,0.0,42,Boa,Boa,Boa,Boa
3498,Cqg4SJnwL1A,16.265583333333332,48000,0.04660901,0.7937419,0.0587206147611141,42.827843,0.0374455686475409,0,0.0,48,Ruim,Ruim,Ruim,Ruim
3538,eO8HuolF_3U,59.257333333333335,48000,0.063362,0.9898498,0.0640117302536964,24.29388,0.0430506575098992,8,0.13500438764259837,17,Boa,Boa,Boa,Boa
3553,4Jfy5uDQyQg,25.507125,48000,0.08130414,0.8294474,0.0980220586061477,31.292408,0.0372093991691053,8,0.31363785608923,35,Ruim,Ruim,Ruim,Ruim
3564,PsEM5t77cVs,55.936875,48000,0.07686056,0.6971786,0.1102451533079147,29.790478,0.0401869898415157,1,0.017877294718376742,22,Boa,Boa,Boa,Boa
3579,IxbbPdXKmtQ,64.0986875,48000,0.0738367,1.2994635,0.056820910423994,19.191109,0.0685818232633111,0,0.0,77,Boa,Boa,Boa,Boa
3580,5on-ak7HaRM,31.881,48000,0.028009556,0.7221519,0.0387862399220466,30.43971,0.0812035079144362,4,0.1254665788400615,30,Boa,Boa,Boa,Boa
3590,8urwCR5pC3o,54.3463125,48000,0.081761934,1.0375062,0.0788062140345573,33.710304,0.0969557892235034,12,0.2208061494512622,8,Boa,Ruim,Boa,Boa
3593,eRjup53s73E,22.151854166666663,48000,0.0060579213,0.30405635,0.0199236795306205,27.409584,0.0518581957902022,11,0.4965724276278604,65,Boa,Ruim,Boa,Boa
3596,NEgsXtsuImc,73.83945833333334,48000,0.083850265,1.0783615,0.0777570977807045,50.746456,0.0324993736909576,0,0.0,61,Boa,Boa,Boa,Boa
3611,qynthHjVz_I,65.74933333333334,48000,0.028315805,0.46108297,0.0614115186035633,25.357313,0.0370280343927412,2,0.0304185593770279,70,Boa,Boa,Boa,Boa
3613,_EYMN2FqnV0,47.36,48000,0.06872251,0.99999475,0.0687228664755821,27.82063,0.0644438893267282,0,0.0,77,Boa,Boa,Boa,Boa
3638,JDD20nI8jrA,59.5591875,48000,0.13055511,1.1434884,0.1141726523637771,25.164776,0.0699706856364165,0,0.0,76,Boa,Boa,Ruim,Boa
3667,Y6dfUgydYTM,46.20772916666667,48000,0.08532049,0.97960186,0.0870971083641052,35.936394,0.0560675820925669,7,0.151489807576384,24,Boa,Boa,Ruim,Boa
3674,sDJDrY-FIlo,59.4,48000,0.057439122,0.8090665,0.0709943175315857,24.77903,0.0396792301692404,0,0.0,25,Boa,Boa,Boa,Boa
3717,MDPs3lprL7U,55.96010416666667,48000,0.047880262,0.6022058,0.0795081332325935,24.426407,0.0528274341290261,1,0.01786987381263065,42,Boa,Boa,Boa,Boa
3718,Rd7Jyrvz5zs,47.95733333333333,48000,0.12250088,0.9032283,0.1356256008148193,86.999855,0.0635182569629753,0,0.0,31,Ruim,Boa,Ruim,Ruim
3731,77mPe0CKn2Y,111.90858333333334,48000,0.09494413,1.0091493,0.0940833315253257,30.887949,0.0663309973521492,9,0.08042278556232281,76,Boa,Boa,Boa,Boa
3736,pijDm04XIXE,64.81066666666666,48000,0.0796507,0.8899385,0.0895013585686683,22.897835,0.0487193323700016,0,0.0,53,Boa,Boa,Boa,Boa
3737,cCD1O5XSzVw,30.75483333333333,48000,0.05774229,0.4567728,0.1264135837554931,32.80888,0.0535849731276005,0,0.0,21,Boa,Boa,Boa,Boa
3740,Ar4vaDmiVmc,67.80227083333334,48000,0.10251733,1.0317397,0.0993635579943656,28.454885,0.073690527543456,0,0.0,76,Boa,Boa,Boa,Boa
3776,FcREB0Ujw2o,69.568,48000,0.031309895,0.8246471,0.0379676260054111,34.183693,0.0722548458339721,20,0.2874885004599816,11,Boa,Boa,Boa,Boa
3779,jwTrVQr8ExQ,66.54839583333333,48000,0.033994116,0.6245165,0.0544326938688755,29.614609,0.0731710466671341,0,0.0,72,Boa,Boa,Boa,Boa
3784,PjYv_ga9hHk,77.20635416666667,48000,0.07304383,1.1081458,0.065915361046791,25.4803,0.059728148958765,1,0.012952301799425511,77,Boa,Boa,Boa,Boa
3834,NrNLSRnhmSA,59.050666666666665,48000,0.06826162,0.90673125,0.0752831920981407,46.135986,0.0698025251997923,1,0.016934609826589595,56,Boa,Boa,Boa,Boa
3850,ocAZWCW_dac,36.049,48000,0.027969943,0.7340152,0.0381053984165191,21.924208,0.0785820774778106,7,0.19418014369330633,30,Ruim,Boa,Ruim,Ruim
3856,lo4iFLHxH7g,27.353125,48000,0.05270037,0.8160852,0.064577043056488,26.54151,0.0643845942982456,0,0.0,56,Ruim,Boa,Boa,Boa
3876,Ond73JU7-W8,97.01297916666668,48000,0.21721113,1.2033945,0.1804986894130706,31.209543,0.0588691631734469,0,0.0,41,Boa,Boa,Boa,Boa
3900,cJIl0UVQ67w,39.0908125,48000,0.19765018,1.1043162,0.1789796948432922,57.488937,0.0581036035555934,0,0.0,41,Boa,Boa,Boa,Boa
3904,HrzvDdfYwo4,25.878645833333334,48000,0.25229594,1.1674685,0.2161051332950592,34.573036,0.0478296330989905,0,0.0,41,Boa,Ruim,Ruim,Ruim
3913,bZwC5VjXAnQ,115.85597916666669,48000,0.095082454,0.6752235,0.140816256403923,34.157757,0.0482197289000644,16,0.1381024968679684,46,Boa,Boa,Boa,Boa
3923,F7FqSEm_9aY,44.650666666666666,48000,0.035221282,0.39744157,0.0886200293898582,34.35377,0.0309383956293288,0,0.0,9,Boa,Boa,Boa,Boa
3940,35NMXfx-j08,27.771083333333333,48000,0.09727875,0.98904264,0.0983564779162406,35.108078,0.0526184925835253,0,0.0,1,Boa,Boa,Boa,Boa
3945,SuxR0bsiLs8,58.35175,48000,0.05156335,1.0382103,0.0496656112372875,32.24115,0.0597517557062237,8,0.13709957284914334,24,Boa,Ruim,Boa,Boa
3959,ZdGv7y1kdrg,90.6739375,48000,0.043004174,1.0614201,0.0405156947672367,21.370018,0.0623029298942771,0,0.0,12,Boa,Boa,Boa,Boa
3975,5wEbAimX6TQ,30.56908333333333,48000,0.046405256,1.0601988,0.0437703356146812,25.017513,0.0243377366102582,2,0.06542557976604904,48,Ruim,Ruim,Ruim,Ruim
3980,eo3ixN_dvcw,39.8570625,48000,0.0701972,0.9131901,0.0768703073263168,30.543972,0.0580181870066229,8,0.20071725055001233,24,Boa,Boa,Boa,Boa
4008,cXDCL7FWKyk,106.84,48000,0.06781251,0.56409746,0.1202141717076301,38.6987,0.0405147187281621,24,0.22463496817671283,46,Boa,Boa,Boa,Boa
4073,WUrONT9lTfk,42.28266666666666,48000,0.028348016,0.6295195,0.0450311936438083,24.350487,0.0698738473360655,1,0.02365035317860747,72,Boa,Boa,Boa,Boa
4091,XYiP004L-Rs,83.59185416666666,48000,0.046960786,0.7530411,0.0623615197837352,37.376476,0.0741730184142529,10,0.11962888130297784,72,Boa,Boa,Boa,Boa
4093,35zAK91XtMk,17.206,48000,0.082938604,0.74510735,0.1113109439611435,33.474487,0.0488974040621127,2,0.11623852144600721,46,Boa,Boa,Ruim,Boa
4094,LzJN4vQXciU,25.62322916666667,48000,0.022719532,0.39256254,0.0578749366104602,24.387533,0.0613043916458593,0,0.0,42,Boa,Boa,Boa,Boa
4131,R3YFPvAG_tI,29.37325,48000,0.089169115,1.1223543,0.0794482752680778,22.95443,0.0526269318491285,0,0.0,1,Boa,Ruim,Ruim,Ruim
4175,gP3NtzfQMSE,13.6765625,48000,0.15030159,1.1393948,0.1319135278463363,45.687313,0.0777113119885035,0,0.0,58,Ruim,Ruim,Ruim,Ruim
4185,31iGP9D5w-w,78.18160416666667,48000,0.068711154,0.9981518,0.0688383802771568,24.823572,0.0559841431829809,0,0.0,12,Boa,Boa,Boa,Boa
4187,Ch8x2hL41Jk,39.311395833333336,48000,0.04225274,0.74626416,0.0566190145909786,28.762539,0.0784600144550325,4,0.10175166552107716,72,Boa,Boa,Boa,Boa
4191,Aj_tZykDbPE,29.98858333333333,48000,0.11953729,0.9322324,0.1282269209623336,30.135183,0.0440420310833037,0,0.0,20,Boa,Boa,Ruim,Boa
4248,1s72KZaN92M,59.10639583333333,48000,0.08253721,0.7279714,0.1133797466754913,35.184296,0.0356017119271021,0,0.0,22,Ruim,Boa,Boa,Boa
4249,DTXKLQ-dqso,58.549125,48000,0.05853053,1.0810554,0.054142028093338,28.575108,0.0514334777509564,8,0.1366373963744121,24,Boa,Boa,Boa,Boa
4260,RLUPb8SHH7c,33.70666666666666,48000,0.028752059,0.59655875,0.0481965243816375,21.562185,0.0311075781991458,0,0.0,70,Boa,Boa,Boa,Boa
4286,BghqFHB-5mI,18.87783333333333,48000,0.07030676,0.6974348,0.1008076518774032,90.444954,0.0560767567090395,0,0.0,31,Boa,Boa,Boa,Boa
4296,d5CMIVq6zqk,28.394666666666662,48000,0.21344146,1.109387,0.1923958510160446,59.865154,0.0590431594418888,0,0.0,27,Boa,Boa,Ruim,Boa
4303,YZbBqikdpcI,42.86497916666666,48000,0.10105523,1.0165966,0.099405437707901,27.860926,0.0680665763405075,0,0.0,76,Boa,Boa,Boa,Boa
4305,sDCSRQXMAjk,86.5175625,48000,0.05705237,0.9648013,0.0591338016092777,25.178967,0.0403039695243158,6,0.06935008137798612,17,Boa,Boa,Boa,Boa
4332,qRhR2VJi00o,36.71075,48000,0.08609118,0.93973386,0.0916123017668724,27.024673,0.0365687475032684,0,0.0,53,Boa,Ruim,Ruim,Ruim
4373,RR08_9smajs,16.512,48000,0.040668607,0.44276053,0.0918523743748664,28.273056,0.0431096549184958,5,0.3028100775193798,19,Boa,Boa,Boa,Boa
4459,tH4NEDttfNM,44.73325,48000,0.06664207,0.87647617,0.076034091413021,27.909498,0.0562303476692894,0,0.0,12,Boa,Boa,Boa,Boa
4512,7u2ii0LhO2Q,57.237208333333335,48000,0.115010686,0.99863386,0.1151680201292038,82.06448,0.0407871355816716,0,0.0,31,Ruim,Boa,Ruim,Ruim
4531,eHA00A3FHNI,59.97714583333333,48000,0.1462609,1.1430019,0.1279620826244354,29.454662,0.064003225452383,0,0.0,36,Boa,Boa,Boa,Boa
4535,QnMmUFPPjSM,43.769625,48000,0.034617018,0.81761265,0.0423391424119472,28.284534,0.0550426460846125,4,0.09138757757234613,64,Ruim,Boa,Ruim,Ruim
4546,fQ46li-EY9A,10.077479166666668,48000,0.048380442,0.8224397,0.0588255226612091,27.216604,0.0781994047619047,2,0.1984623304025684,11,Boa,Boa,Boa,Boa
4552,hRl_NqKfQNg,18.54114583333333,48000,0.046152726,0.5559391,0.0830175951123237,31.920258,0.0564362151380103,1,0.05393409927245148,42,Boa,Boa,Boa,Boa
4558,h6GpJiv324E,59.837833333333336,48000,0.039289,0.47423548,0.0828470289707183,23.560715,0.0454453194630124,2,0.0334236700860938,42,Boa,Boa,Boa,Boa
4564,1jSttSUAW_s,60.1396875,48000,0.08326702,0.9680357,0.0860164761543273,26.275593,0.0397201513732488,6,0.09976772825765015,17,Boa,Boa,Boa,Boa
4575,XCShq3rKqGU,78.0190625,48000,0.01855125,0.4258396,0.0435639396309852,57.824688,0.0407805958433014,0,0.0,78,Boa,Boa,Boa,Boa
4593,3oYG5m_lecc,11.7493125,48000,0.062078565,1.0070393,0.0616446286439895,25.00163,0.0427853122164246,0,0.0,53,Boa,Boa,Boa,Boa
4633,b7E1xIF0H_8,89.44327083333333,48000,0.033871386,0.7335228,0.0461763255298137,23.521656,0.0446419255306463,7,0.07826189644879658,25,Boa,Boa,Boa,Boa
4641,DAUmkBezS6A,57.728,48000,0.05425641,0.83778954,0.0647613853216171,33.92903,0.0357884988973305,0,0.0,48,Boa,Boa,Boa,Boa
4661,664fo-LZlk0,62.80533333333333,48000,0.07624512,0.9270954,0.0822408571839332,27.221874,0.0670551358995585,0,0.0,56,Ruim,Boa,Boa,Boa
4665,QPQ5lHe0T2A,28.01489583333333,48000,0.047898233,0.850144,0.05634131655097,25.288965,0.0473673703963646,0,0.0,12,Boa,Boa,Boa,Boa
4709,Q4VkJuopsmY,64.65597916666667,48000,0.116408594,1.0034595,0.116007275879383,26.291298,0.0403460304715852,0,0.0,20,Boa,Ruim,Boa,Boa
4724,Blk6Vhs7ZCI,32.74014583333334,48000,0.06481947,0.66742265,0.0971190705895423,24.41271,0.038946075936482,0,0.0,22,Boa,Boa,Boa,Boa
4736,tN8l5SO9EhA,112.80254166666668,48000,0.060509335,0.93016434,0.0650523081421852,33.661205,0.0650564589045953,39,0.3457368905325345,54,Boa,Boa,Boa,Boa
4740,ix5gYBPpajk,73.70014583333334,48000,0.036710944,0.5113933,0.0717861279845237,23.281385,0.1024431728247105,0,0.0,14,Boa,Boa,Boa,Boa
4755,edx4GT7srfk,57.36533333333333,48000,0.046475712,0.5590818,0.0831286460161209,26.494576,0.0590440871037832,3,0.052296392711045,42,Boa,Boa,Boa,Boa
4766,8tNFHn-stgI,51.15733333333333,48000,0.070064515,0.81349564,0.0861277058720588,40.219288,0.0315603542904419,1,0.01954753961634696,48,Boa,Boa,Boa,Boa
4820,fM7yEPVyAzo,113.522375,48000,0.11303893,1.0500479,0.1076512113213539,25.482521,0.0394536113084891,3,0.026426508430606743,20,Boa,Boa,Boa,Boa
4827,j_2dz_7firo,107.52,48000,0.078888394,0.9997543,0.0789077803492546,36.853153,0.0610681894622309,24,0.22321428571428573,24,Boa,Boa,Boa,Boa
4831,_kk7jVtacT8,42.608625,48000,0.076829195,0.9261428,0.0829560980200767,49.547935,0.0326259875625782,0,0.0,61,Ruim,Ruim,Ruim,Ruim
4843,_9PLQWVjpOg,106.27775,48000,0.120994344,1.0791086,0.1121243461966514,32.219025,0.0689297878613006,25,0.23523268040582343,63,Boa,Boa,Boa,Boa
4850,AZKOb34JJk0,61.5445,48000,0.17255645,1.308044,0.1319194585084915,27.702085,0.0588371290077989,0,0.0,36,Boa,Boa,Boa,Boa
4862,g-dsRrbQBZ0,53.91675,48000,0.07615197,0.91268843,0.083436980843544,25.23272,0.0696231106268546,0,0.0,56,Boa,Boa,Boa,Boa
4894,KRVqQRypVns,36.838458333333335,48000,0.043018065,1.0036588,0.0428612455725669,25.367363,0.0896869741151563,4,0.10858217691429811,8,Boa,Boa,Boa,Boa
4902,AH8nV0Ac-yQ,78.80854166666667,48000,0.101979315,0.9799439,0.1040664836764335,25.032402,0.0659703719210989,2,0.025377959770646687,76,Boa,Boa,Boa,Boa
4903,srKVTXG0lPE,60.97560416666666,48000,0.06458518,0.9725123,0.0664106532931327,22.882336,0.0483952739636172,0,0.0,12,Boa,Boa,Boa,Boa
4917,N3nRrF5-__Q,60.17452083333333,48000,0.05882166,0.7377826,0.0797276347875595,22.4034,0.0489259197204005,0,0.0,22,Boa,Boa,Boa,Boa
4939,40oORG8YO2s,99.89225,48000,0.06080758,1.189284,0.0511295720934867,21.415787,0.0472080114622263,2,0.020021573245171672,12,Ruim,Ruim,Boa,Ruim
4951,LTD6nuwX-V0,32.449895833333336,48000,0.031238914,0.5000085,0.0624767616391181,22.288204,0.0513548962269963,0,0.0,42,Boa,Boa,Boa,Boa
4954,ooNIvbOc9Hc,39.28897916666666,48000,0.16643226,1.177562,0.1413363069295883,29.25619,0.0321715579617942,1,0.02545243020333841,4,Ruim,Ruim,Ruim,Ruim
4958,bDib4lEnxJ0,94.11047916666666,48000,0.015282726,0.33643362,0.0454256795346736,34.65174,0.0753711335961407,17,0.18063875724076955,68,Boa,Boa,Boa,Boa
4981,rsejCxNfPIs,43.07302083333333,48000,0.055366702,0.9656177,0.0573381185531616,29.286585,0.0463344935705001,14,0.3250294437014663,52,Boa,Boa,Boa,Boa
4982,sNKNUVmEdhY,107.58966666666667,48000,0.025913198,0.47699833,0.0543255507946014,34.81276,0.0570063881728958,33,0.3067209056631833,34,Boa,Boa,Boa,Boa
4983,g8LZyE7AUME,71.47102083333333,48000,0.016728945,0.48093614,0.0347841307520866,46.684986,0.0538168131388971,0,0.0,78,Boa,Boa,Boa,Boa
5012,F3MdUhut0Og,59.73333333333333,48000,0.024106143,0.48543042,0.0496593154966831,26.816864,0.0376447321069898,20,0.3348214285714286,19,Boa,Boa,Boa,Boa
5129,YoCm8ZIKKY0,35.64264583333333,48000,0.06004212,0.9657565,0.0621710754930973,25.697464,0.0577404997007779,0,0.0,12,Boa,Boa,Boa,Boa
5150,6KdHgf21lVQ,67.6861875,48000,0.10478121,1.1182326,0.0937025174498558,41.91553,0.0956147173170107,13,0.19206281931597935,8,Boa,Boa,Boa,Boa
5174,Kdi5GJYHSpA,72.841,48000,0.073738,0.9061986,0.0813706815242767,30.085905,0.0577665533707351,0,0.0,56,Boa,Boa,Boa,Boa
5193,q_0fdFZDB3Q,34.911208333333335,48000,0.06381295,0.6699605,0.0952488258481025,25.397629,0.040576127119615,0,0.0,22,Boa,Boa,Boa,Boa
5251,MCl3qzYC8NQ,66.67610416666666,48000,0.018686306,0.29212514,0.0639667883515358,27.831785,0.0589346329587266,8,0.1199830149044526,68,Ruim,Boa,Boa,Boa
5252,Xhux5c1XPWM,34.586125,48000,0.04161043,0.57910514,0.0718529820442199,29.128181,0.0209793810707678,2,0.057826657366212605,9,Ruim,Ruim,Ruim,Ruim
5271,LrRn_1iLdAM,54.90358333333333,48000,0.080655925,0.97924936,0.0823650509119033,29.743004,0.06663862938277,0,0.0,56,Boa,Boa,Boa,Boa
5276,jIz3mV1QJvY,66.68772916666667,48000,0.07516361,0.7759725,0.096863754093647,25.76031,0.0403617717330454,0,0.0,22,Boa,Boa,Boa,Boa
5280,HmE8Kgh8IJ8,34.96927083333333,48000,0.033665895,0.5656756,0.0595144890248775,20.339594,0.0510245716110094,0,0.0,42,Boa,Boa,Boa,Boa
5281,jAzSywkcw-w,18.73852083333333,48000,0.16407919,1.164504,0.1409004926681518,49.14451,0.077829029862692,0,0.0,58,Boa,Boa,Boa,Boa
5300,bI4Po0qF2yc,47.3919375,48000,0.0702032,1.0070797,0.0697096735239029,37.85697,0.0375172101831532,0,0.0,53,Ruim,Ruim,Ruim,Ruim
5320,1m5fIvealEk,5.027125,48000,0.05697157,0.37466228,0.1520611345767974,51.02732,0.0385442184189618,0,0.0,50,Boa,Ruim,Ruim,Ruim
5330,rlM7Nf61fw8,62.902875,48000,0.02149773,0.51475006,0.0417634323239326,32.39136,0.0362449069070023,18,0.28615544202073434,19,Boa,Boa,Boa,Boa
5333,sLeYpfSlmqM,75.6041875,48000,0.05117127,0.9699197,0.0527582541108131,24.484581,0.0650330278728132,0,0.0,77,Boa,Boa,Boa,Boa
5338,C_Bco5uEC5k,36.39729166666667,48000,0.21099988,1.0828645,0.1948534399271011,31.948946,0.0592299605826985,0,0.0,41,Boa,Boa,Boa,Boa
5339,NTGin0rn-bY,74.76827083333333,48000,0.11409773,0.9564742,0.1192899197340011,34.182247,0.0305570724857346,0,0.0,20,Boa,Boa,Ruim,Boa
5341,TePZ6Y5udvE,44.55910416666666,48000,0.08443054,1.087147,0.0776624828577041,33.920883,0.0585139280531953,0,0.0,1,Boa,Boa,Boa,Boa
5346,AVoNrbd9e0U,71.04,48000,0.03240648,0.3578169,0.0905672088265419,31.388851,0.0475811422130686,19,0.2674549549549549,19,Boa,Ruim,Boa,Boa
5350,LxRjiKFHSl8,55.77433333333333,48000,0.06640543,0.98805547,0.0672082006931305,27.075447,0.0540641920360011,4,0.07171757618498353,12,Boa,Boa,Ruim,Boa
5378,rdWAtu4Kl6I,10.704979166666666,48000,0.056416713,0.46008614,0.1226220652461052,30.145891,0.0740018441857569,0,0.0,21,Boa,Boa,Boa,Boa
5384,lZB8ZjpliLQ,93.34422916666666,48000,0.06946823,0.7454401,0.0931908935308456,36.564148,0.0672571157842493,19,0.20354766619878975,67,Boa,Boa,Boa,Boa
5393,i0gBrNpJlCQ,89.00210416666667,48000,0.046247397,0.8339686,0.0554546043276786,27.406528,0.0742122544081076,11,0.12359258360230715,64,Boa,Boa,Boa,Boa
5407,tX1lgSLn_0w,10.936604166666667,48000,0.17270808,0.8047595,0.2146083116531372,41.939125,0.010940165082846,0,0.0,26,Ruim,Ruim,Ruim,Ruim
5409,NQBQgj_f_Dk,34.70222916666667,48000,0.10984734,0.47498292,0.2312658727169037,54.21736,0.0387731926090964,0,0.0,26,Boa,Boa,Boa,Boa
5422,Ds6FyUFToag,36.17670833333333,48000,0.102685384,0.8125543,0.1263735592365265,35.816147,0.0441858543539946,0,0.0,22,Boa,Boa,Boa,Boa
5432,8_5pJeNzCOw,50.689166666666665,48000,0.004661136,0.09887831,0.0471401251852512,29.362223,0.0597690973135388,14,0.27619313791572825,34,Boa,Boa,Boa,Boa
5462,L0KcOFPcBl8,47.27583333333333,48000,0.040156513,0.6104726,0.0657793879508972,30.434387,0.0483233217135686,0,0.0,42,Ruim,Boa,Boa,Boa
5477,QbRWBTX46Q4,60.34866666666667,48000,0.018210486,0.35522008,0.051265362650156,26.817638,0.0662389157222075,7,0.11599262065994277,68,Boa,Boa,Boa,Boa
5521,0KEP-Bhphk8,57.202375,48000,0.023172768,0.5570477,0.0415992513298988,36.12552,0.0626560533400149,22,0.38459941567111505,34,Boa,Boa,Boa,Boa
5532,9fFeE71W1NE,33.889541666666666,48000,0.06350163,0.6539035,0.097111627459526,81.47208,0.0369485095283983,0,0.0,73,Boa,Boa,Boa,Boa
5541,nLMne5MrFfc,27.434666666666665,48000,0.0736634,1.1838481,0.0622236877679824,29.167686,0.0396507906626506,13,0.47385303265940903,52,Ruim,Ruim,Ruim,Ruim
5572,mMcIhob5y-0,55.39120833333333,48000,0.040054355,0.27028006,0.148195743560791,36.687626,0.0587529373976988,0,0.0,50,Boa,Boa,Boa,Boa
5573,H4FFqyX9t1o,34.5396875,48000,0.11109292,1.1021577,0.1007958427071571,25.513779,0.0380122204480549,0,0.0,20,Boa,Ruim,Boa,Boa
5577,658JlkFqQkM,27.8186875,48000,0.054702207,0.54958785,0.0995331481099128,26.774284,0.0586229458125718,0,0.0,21,Boa,Boa,Boa,Boa
5649,8wOcuoIk1B0,17.322104166666666,48000,0.04710664,0.42399552,0.1111017316579818,40.437897,0.0443942065309421,0,0.0,9,Boa,Boa,Boa,Boa
5654,d5ATJS1jNUQ,39.54358333333333,48000,0.06227657,0.99145365,0.0628133937716484,30.398142,0.0610920433859223,11,0.27817408218358225,54,Boa,Boa,Boa,Boa
5716,A6LE8YrwaAw,14.315104166666666,48000,0.10619435,1.0340446,0.1026980280876159,25.759315,0.0416060708302308,1,0.06985628524649809,1,Boa,Boa,Boa,Boa
5733,JWDVprVIJSc,25.8554375,48000,0.20900436,1.1017656,0.1896994709968567,34.352215,0.0445905125180486,0,0.0,41,Ruim,Ruim,Ruim,Ruim
5747,13AhOVVGV2g,55.77433333333333,48000,0.018524798,0.6743819,0.0274692978709936,23.257977,0.0247563916379804,18,0.3227290928324259,19,Boa,Ruim,Boa,Boa
5757,UV5wLInXoHg,13.305041666666666,48000,0.02397945,0.44751766,0.0535832457244396,39.196186,0.0378907032502003,0,0.0,70,Boa,Boa,Boa,Boa
5775,tZtLY-78C2Y,11.609979166666667,48000,0.029118398,0.3243185,0.0897833406925201,31.994064,0.0334084811179981,0,0.0,70,Boa,Ruim,Ruim,Ruim
5798,9EUEoBBKsDw,35.84,48000,0.0157721,0.23999575,0.0657182484865188,22.968199,0.0534505983152335,0,0.0,0,Boa,Boa,Boa,Boa
5799,fFRL-UzCHkQ,33.73860416666667,48000,0.109842345,1.0331705,0.1063157990574836,32.592842,0.0309539129189061,0,0.0,20,Boa,Ruim,Boa,Boa
5806,SfFEO3YJgt4,5.526354166666667,48000,0.07926646,0.8674958,0.0913738831877708,29.446175,0.0697470721941233,1,0.18095112434735075,67,Boa,Boa,Boa,Boa
5818,V1BhQ7RiNr0,116.6570625,48000,0.022280712,0.7512622,0.0296577047556638,16.376852,0.0541860038601764,0,0.0,25,Ruim,Ruim,Ruim,Ruim
5835,rEbVV_tRFG0,60.766625,48000,0.026687467,0.44134498,0.0604684986174106,26.792435,0.0491752443720379,4,0.065825607395507,42,Boa,Boa,Boa,Boa
5840,OQQx_jcnLuk,19.818666666666665,48000,0.04322348,0.48220968,0.089636281132698,39.837128,0.0579526017852339,3,0.1513724434876211,46,Boa,Boa,Boa,Boa
5854,jJjkH_69P88,13.154125,48000,0.03950582,0.9467967,0.0417257696390152,39.9012,0.0725801984147082,4,0.30408712096015506,11,Boa,Ruim,Ruim,Ruim
5867,BSwLjwZS0-8,68.91683333333333,48000,0.11339795,1.0915015,0.1038917079567909,27.205421,0.0772023215011221,2,0.029020486044773777,76,Boa,Boa,Boa,Boa
5869,OQUsxgMpvao,42.64533333333333,48000,0.06279142,0.8663585,0.0724774077534675,24.937313,0.0711098184702425,9,0.21104302151075538,11,Boa,Ruim,Boa,Boa
5971,Z0Dl5sC5kFk,71.27466666666666,48000,0.062261112,0.87049985,0.071523405611515,29.285507,0.0834037418870641,2,0.028060460939838373,16,Boa,Boa,Boa,Boa
5972,7fBik1k3ewc,72.44627083333333,48000,0.07155396,0.74055016,0.0966227054595947,35.23604,0.0658705209253533,12,0.16563999584749733,67,Boa,Boa,Boa,Boa
5982,6AsIGKWAWlk,51.42060416666666,48000,0.118454374,1.0500839,0.1128046810626983,27.509926,0.0556227393823895,0,0.0,1,Boa,Boa,Ruim,Boa
5985,3AdcEOx2pwM,80.01597916666667,48000,0.03712542,0.5242007,0.0708229169249534,31.169062,0.0517246182268061,0,0.0,42,Boa,Boa,Boa,Boa
6030,7u5ffm7TbUA,45.54666666666667,48000,0.02558289,0.43894982,0.0582820363342762,28.273201,0.0514294716547646,11,0.24151053864168617,19,Boa,Boa,Boa,Boa
6038,sVtWH_e3uc0,60.11647916666666,48000,0.020320555,0.34013093,0.059743333607912,23.643524,0.0376864582871274,0,0.0,70,Boa,Boa,Boa,Boa
6041,3ugPbp0tIA0,90.99902083333332,48000,0.11308355,1.3859308,0.0815939381718635,22.68856,0.0671929825766233,0,0.0,76,Boa,Boa,Boa,Boa
6058,rCQ52_ehuW4,58.52589583333334,48000,0.060929563,1.1131375,0.0547367818653583,23.68757,0.0495236610397302,4,0.06834581415705226,12,Boa,Boa,Ruim,Boa
6088,kLgoxukK-mY,74.17614583333334,48000,0.16429426,1.0893438,0.1508194804191589,34.16867,0.0569793679232566,4,0.05392569208148958,36,Boa,Boa,Boa,Boa
6089,0OLd4PC23Xo,114.70658333333331,48000,0.15613098,1.2728829,0.1226593405008316,29.61051,0.0594583901193741,1,0.008717895441921019,36,Boa,Boa,Boa,Boa
6120,cCPCPeFMsUM,49.3191875,48000,0.12445025,1.0674794,0.1165832877159118,36.849262,0.0676591602576232,1,0.02027608423192292,76,Boa,Boa,Boa,Boa
6121,RCnuuQats2E,64.17995833333333,48000,0.06837699,1.0085484,0.0677974298596382,34.32577,0.0467924701626641,1,0.015581188052604689,53,Boa,Boa,Boa,Boa
6133,DB1qZ9LTtac,67.37066666666666,48000,0.11508088,1.1326332,0.1016047149896621,26.522205,0.0544168080675162,0,0.0,1,Boa,Boa,Boa,Boa
6135,gV1SuOHxd9U,62.96091666666667,48000,0.06775998,0.9657935,0.070159912109375,28.884274,0.053019502133449,9,0.14294582220981006,24,Boa,Boa,Boa,Boa
6142,bKwP1Isg6o0,16.533333333333335,48000,0.030033814,0.6325447,0.0474809370934963,31.907253,0.0394069098565441,8,0.48387096774193544,65,Ruim,Boa,Boa,Boa
6176,BzpOknkbuWI,25.704979166666668,48000,0.111338295,0.96410364,0.1154837384819984,30.42269,0.0398520568594398,0,0.0,20,Boa,Boa,Boa,Boa
6178,ltzRTHA34Ms,44.930625,48000,0.101649635,0.94212645,0.1078938320279121,30.841915,0.055892267052872,6,0.1335392062763427,63,Boa,Boa,Boa,Boa
6210,OkuGLUkSsjk,18.866229166666667,48000,0.05005164,0.57249427,0.0874273255467414,25.369617,0.0486426388496325,0,0.0,42,Boa,Boa,Ruim,Boa
6246,Fu2zqznGAWM,18.304,48000,0.11357028,0.87226367,0.1302017718553543,42.49388,0.066390040313774,0,0.0,28,Boa,Boa,Boa,Boa
6253,p1iJU2Sa4A8,13.606895833333333,48000,0.20539749,1.0247273,0.2004411071538925,35.873188,0.0273181114077194,0,0.0,4,Ruim,Ruim,Ruim,Ruim
6254,PYcultFmZLk,15.836020833333333,48000,0.24869452,1.2113328,0.2053065150976181,46.316647,0.0919935027356902,0,0.0,32,Boa,Boa,Boa,Boa
6279,AuMHPoqLCIY,87.04,48000,0.07567737,0.93008196,0.0813663452863693,26.458864,0.0576656506555569,9,0.10340073529411764,24,Ruim,Boa,Ruim,Ruim
6326,rmDYbAOYTGo,26.935166666666667,48000,0.14952146,1.0918505,0.1369431614875793,27.64656,0.0340358706947743,0,0.0,20,Boa,Boa,Ruim,Boa
6327,BINKRHXaK_A,74.52445833333333,48000,0.046977524,0.33463794,0.1403831392526626,37.690414,0.0648756451713897,0,0.0,21,Boa,Ruim,Boa,Boa
6339,Ij62mIP5GrE,54.18377083333333,48000,0.15592468,0.90796924,0.171729028224945,32.461468,0.0644704263041338,0,0.0,58,Boa,Boa,Boa,Boa
6343,uAwtn_yG0aY,15.168,48000,0.086440586,0.5298307,0.1631475538015365,60.40848,0.0433702180692199,0,0.0,55,Ruim,Ruim,Ruim,Ruim
6373,2QsIouJveHU,13.200979166666666,48000,0.27440712,0.911419,0.3010767996311188,41.42457,0.0208738262318255,0,0.0,57,Boa,Ruim,Boa,Boa
6380,_Vhsxe-2Wzg,97.70958333333331,48000,0.033683512,0.96545357,0.0348887965083122,24.060635,0.074776747642861,12,0.12281292776638254,64,Ruim,Boa,Ruim,Ruim
6381,NgbhjFxsNBg,88.896,48000,0.08337288,0.423746,0.1967520266771316,30.63092,0.0613543697510497,0,0.0,18,Boa,Ruim,Boa,Boa
6409,heo3OeJUzUA,57.94133333333333,48000,0.0688305,0.9570311,0.0719208568334579,30.469059,0.05510585987829,12,0.20710603829160532,24,Boa,Boa,Boa,Boa
6439,aUm9JscTzN8,32.53333333333333,48000,0.042722303,0.7409408,0.0576595366001129,30.621702,0.0603212189650934,11,0.33811475409836067,11,Boa,Boa,Boa,Boa
6448,bJkJbv5uknY,70.32164583333333,48000,0.044230886,0.4544837,0.0973211750388145,30.280682,0.0518001010778477,10,0.14220372520433638,46,Boa,Boa,Boa,Boa
6454,SljXMWr9Txo,7.639375,48000,0.038861364,0.55216324,0.0703802108764648,31.91092,0.0317110410129009,0,0.0,9,Boa,Boa,Ruim,Boa
6494,R4rbk0fv5bo,43.92097916666667,48000,0.10512338,1.0139868,0.1036733165383338,36.936935,0.0337305351505585,0,0.0,20,Boa,Ruim,Boa,Boa
6501,5vXxIrcbGDk,64.87466666666667,48000,0.09498992,1.0156517,0.0935260728001594,22.923214,0.0529612977509041,0,0.0,1,Boa,Boa,Boa,Boa
6506,57x8z-Eng-w,55.9786875,48000,0.061035458,0.96394753,0.0633182376623153,28.01233,0.0574064888847875,6,0.10718364913432456,64,Boa,Boa,Boa,Boa
6510,lAGnxoZZvqs,46.14966666666667,48000,0.11420317,1.170541,0.0975644290447235,27.202953,0.0290817920181419,6,0.1300117732883589,35,Ruim,Ruim,Ruim,Ruim
6528,hxFdMVpJ-vA,22.848,48000,0.033300985,0.77715933,0.0428496226668357,29.54916,0.0435315380016332,4,0.1750700280112045,2,Boa,Boa,Boa,Boa
6533,8b3ctmdSZf0,31.706854166666663,48000,0.03374238,0.5720321,0.0589868649840354,23.920898,0.0341583364867137,7,0.220772453905537,60,Boa,Boa,Boa,Boa
6540,iBNS0wu6v3E,27.712020833333334,48000,0.022613391,0.6142924,0.0368120968341827,23.874166,0.0404831936562139,4,0.1443416928724523,60,Boa,Ruim,Boa,Boa
6554,gjeUMCj7jFs,78.66920833333333,48000,0.04406516,0.7481097,0.0589020028710365,22.73636,0.0468287933415808,1,0.01271145370832828,25,Boa,Boa,Boa,Boa
6556,ef6dQF2QmKA,25.01952083333333,48000,0.021704882,0.48062462,0.045159738510847,23.928997,0.0472714943654092,0,0.0,42,Boa,Boa,Boa,Boa
6559,SlbI3kZpdbU,110.144,48000,0.05747908,0.90822923,0.0632869750261306,30.364199,0.0507960019850876,19,0.17250145264381173,24,Boa,Boa,Boa,Boa
6581,EtyXqKylzcQ,15.267125,48000,0.11582227,0.8385514,0.1381218433380127,36.262115,0.0421879091742318,0,0.0,20,Ruim,Ruim,Ruim,Ruim
6583,CiYhsXf8Hec,104.06022916666667,48000,0.039963376,0.5373445,0.0743719786405563,32.25039,0.0534179487302685,15,0.14414728970061608,46,Boa,Boa,Boa,Boa
6584,72DXlNiF87s,46.753395833333336,48000,0.07518977,0.7992697,0.0940730944275856,24.442856,0.0536182709854014,0,0.0,22,Boa,Boa,Boa,Boa
6585,YMUKsmIgzKw,51.31610416666667,48000,0.07944792,1.036135,0.0766771882772445,34.22449,0.0705101062344107,16,0.31179295973120846,54,Boa,Boa,Boa,Boa
6597,XqrJcU9Rfbw,16.207541666666668,48000,0.028588545,0.71752346,0.0398433580994606,23.909475,0.0850296823601973,2,0.12339934341266025,30,Boa,Boa,Boa,Boa
6605,1vGz4t5FH2c,47.6,48000,0.021407783,0.5878349,0.0364180207252502,49.7669,0.0308260497773358,2,0.04201680672268907,70,Ruim,Ruim,Ruim,Ruim
6606,REhRsitMa7E,102.1678125,48000,0.052951857,0.87367016,0.0606085211038589,21.73185,0.0434206357168023,1,0.009787818448202559,25,Boa,Boa,Boa,Boa
6628,ClO8N0AG0Dc,34.168166666666664,48000,0.14618444,1.0411441,0.1404075026512146,41.57354,0.0607894916510611,0,0.0,36,Boa,Boa,Boa,Boa
6659,1kLGgjR0fPw,47.426770833333336,48000,0.1463723,1.0377892,0.1410424262285232,58.408417,0.0423108275241736,3,0.06325541349932022,61,Boa,Ruim,Boa,Boa
6675,f7U-ZQ4dRRA,88.04266666666666,48000,0.083586335,1.0438426,0.0800756141543388,24.392582,0.0507642740195336,0,0.0,1,Boa,Boa,Boa,Boa
6711,K5nI_PPRI_g,52.88345833333333,48000,0.11349514,0.89137065,0.1273265331983566,30.07449,0.042392424490722,0,0.0,20,Boa,Boa,Boa,Boa
6729,CFqfVFANWwg,99.78777083333334,48000,0.056092914,0.9638866,0.0581945143640041,31.121078,0.0518597378186457,16,0.1603402888588761,24,Boa,Boa,Boa,Boa
6781,IM_ps-Fbxak,43.537416666666665,48000,0.08837704,1.0150605,0.0870657861232757,29.071295,0.0756630194298138,0,0.0,76,Boa,Boa,Boa,Boa
6787,AD0y6PBpyX4,23.487,48000,0.07854532,1.0543704,0.0744949951767921,23.851395,0.0523197129030426,2,0.08515348916421851,1,Boa,Boa,Boa,Boa
6800,BD8mjgn0LMA,63.25116666666667,48000,0.13522923,1.1779232,0.114803098142147,24.666899,0.0441445773608768,0,0.0,36,Ruim,Boa,Boa,Boa
6824,XGYLx1LlgsY,88.65379166666666,48000,0.095105685,0.7653953,0.1242569535970687,28.799171,0.0759524069116939,0,0.0,16,Boa,Boa,Boa,Boa
6836,jVGgv-KeuGw,31.71845833333333,48000,0.060976245,0.9345554,0.0652462616562843,26.598377,0.0364127450928883,1,0.03152738350303386,48,Boa,Boa,Boa,Boa
6843,diiNz7u3QEs,42.00491666666667,48000,0.078926586,0.9974867,0.0791254490613937,35.540966,0.0669296210401853,11,0.26187410600743166,54,Boa,Boa,Boa,Boa
6848,CGLNlav1OXU,51.76897916666667,48000,0.025267247,1.0129994,0.0249430034309625,20.76728,0.0578978435954882,9,0.17384928474299483,64,Ruim,Boa,Boa,Boa
6867,a-fIf08RAEs,93.01333333333334,48000,0.061610986,1.0189838,0.0604631640017032,24.99544,0.0438088669769808,0,0.0,53,Boa,Boa,Boa,Boa
6882,TubXYVS2MR8,38.30133333333333,48000,0.08703699,0.6237385,0.139540821313858,31.043861,0.0440119395711501,0,0.0,55,Ruim,Boa,Ruim,Ruim
6887,_VyII-BeaqI,30.90577083333333,48000,0.07782391,0.9965004,0.078097216784954,32.31232,0.0410777974572981,4,0.12942566686237805,17,Boa,Ruim,Ruim,Ruim
6900,aywlLVTgZIA,60.488,48000,0.08971688,0.45799372,0.1958910822868347,33.713516,0.0450864148463674,0,0.0,55,Ruim,Boa,Boa,Boa
6922,BHUVd1k18Gs,60.00097916666667,48000,0.03283802,0.78983766,0.0415756590664386,22.853146,0.0544402349304568,10,0.1666639468036459,64,Boa,Boa,Boa,Boa
6925,hWMn4ONlyNY,106.81179166666666,48000,0.03520838,0.76009405,0.0463210865855217,34.947277,0.0994604623839125,43,0.4025772747468971,40,Ruim,Ruim,Ruim,Ruim
6927,da_RApZHnGI,32.9026875,48000,0.054746915,0.9141677,0.0598871670663356,21.222927,0.0568566716470826,0,0.0,12,Boa,Boa,Boa,Boa
6929,XOBcsId_6v0,45.6504375,48000,0.05235644,0.826812,0.0633232668042182,20.863714,0.0378217180198598,3,0.06571678529915513,25,Boa,Boa,Boa,Boa
6972,ShVmMUPaBo8,32.33379166666667,48000,0.10678116,0.8934821,0.1195112541317939,27.234632,0.0525332327568436,0,0.0,1,Boa,Boa,Boa,Boa
6975,iLChv3rvcaM,46.1380625,48000,0.053746708,0.6206701,0.0865946486592292,27.448402,0.0468148395963361,2,0.04334815750011176,22,Boa,Ruim,Boa,Boa
6977,Vfsy2eFM24s,38.5103125,48000,0.17255406,1.6061622,0.1074325293302536,30.100775,0.0629605610461091,5,0.12983535254355572,43,Boa,Boa,Boa,Boa
6989,HoZaufUaKxc,39.311395833333336,48000,0.05851303,0.97404057,0.0600724779069423,28.937428,0.0572224294628323,0,0.0,12,Boa,Boa,Boa,Boa
6996,ZtVw1-I4iVI,61.149770833333335,48000,0.08535088,1.0068378,0.0847712233662605,45.274433,0.0540397799744898,0,0.0,28,Boa,Boa,Boa,Boa
7011,XnCmonD4Ye8,39.148854166666666,48000,0.1279066,1.0670068,0.1198742166161537,30.552986,0.0448900855097384,1,0.025543531765776457,36,Boa,Boa,Ruim,Boa
7013,nsnJ84-PTRw,6.060416666666667,48000,0.2221557,1.038548,0.2139099091291427,30.655165,0.0597891380162565,0,0.0,41,Boa,Ruim,Ruim,Ruim
7030,Y9v8RiywK6Q,14.001645833333331,48000,0.072757795,0.7035998,0.1034079268574714,27.735916,0.0868013822115384,0,0.0,16,Boa,Boa,Boa,Boa
7032,AiAX98AgdZI,49.81333333333333,48000,0.108738154,0.5710176,0.1904287189245224,36.387978,0.0698688550363947,0,0.0,18,Ruim,Ruim,Ruim,Ruim
7066,JMIZKe8NjEc,53.046,48000,0.112679385,0.9818939,0.1147571876645088,31.670788,0.0568685681167068,0,0.0,1,Boa,Boa,Boa,Boa
7070,hdcqpNakiL8,68.24533333333333,48000,0.034001853,0.7672935,0.0443140119314193,24.169386,0.0541995239734724,3,0.043959049703032195,25,Boa,Ruim,Boa,Boa
7097,JVnocB2fVAk,32.71691666666667,48000,0.09571254,0.9397056,0.1018537506461143,47.87933,0.0326389277929432,0,0.0,61,Boa,Ruim,Boa,Boa
7128,svsuNFXMwL0,42.4693125,48000,0.05862971,1.0123837,0.0579125396907329,26.607128,0.090456983182132,10,0.23546413660451884,8,Boa,Boa,Boa,Boa
7131,BaN7GLVA2s8,71.296875,48000,0.2282578,1.2444154,0.1834257245063781,33.428825,0.0438716868455497,0,0.0,41,Ruim,Ruim,Ruim,Ruim
7137,5EZfqB3X-q4,101.66858333333332,48000,0.03835496,0.45449626,0.0843900442123413,25.086586,0.0707307560224769,1,0.009835880143243202,14,Boa,Boa,Boa,Boa
7189,E8OVdxYnGKg,50.56,48000,0.09187855,0.8504459,0.1080357357859611,41.92224,0.0645145077515292,8,0.1582278481012658,63,Boa,Boa,Boa,Boa
7195,27y8O3FWNbo,69.9036875,48000,0.02977084,0.8603189,0.0346044227480888,32.089127,0.0398592909625801,15,0.21458095468854915,2,Boa,Boa,Boa,Boa
7197,Q_jgGR97ufk,5.015520833333333,48000,0.09968795,0.5529147,0.1802953630685806,40.317593,0.0160106488853503,0,0.0,26,Boa,Ruim,Ruim,Ruim
7205,lWDJuKcXGac,22.72072916666667,48000,0.08422697,0.880689,0.0956375896930694,28.733538,0.0550341773961755,0,0.0,56,Ruim,Boa,Boa,Boa
7238,lw5GHQ7n06U,66.44391666666667,48000,0.019159403,0.31689337,0.0604600943624973,23.593506,0.0489697500752407,0,0.0,0,Boa,Boa,Ruim,Boa
7240,3E1PAFAXeTc,60.789854166666665,48000,0.04980047,0.87212825,0.057102233171463,24.24576,0.038832151178728,0,0.0,25,Boa,Boa,Boa,Boa
7258,7klJxnzELxk,32.9026875,48000,0.07106537,0.6801635,0.104482777416706,28.346848,0.0285417405287682,0,0.0,9,Boa,Boa,Boa,Boa
7270,8WcGxQKgkE4,25.042729166666668,48000,0.060036242,1.0207596,0.0588152632117271,20.63313,0.0417746652736371,0,0.0,53,Boa,Boa,Boa,Boa
7272,B0gnppSkwIA,48.87466666666667,48000,0.069085985,0.89559376,0.0771398693323135,33.209667,0.0751782658056949,10,0.20460497599301614,8,Boa,Boa,Boa,Boa
7286,Oqy2qcA-TDc,23.104,48000,0.07422374,0.8020466,0.0925429314374923,33.754257,0.0640520448777111,0,0.0,56,Boa,Boa,Boa,Boa
7319,1CajYPizWD0,37.97625,48000,0.0534976,1.0733709,0.0498407408595085,43.399563,0.0480472315097584,0,0.0,12,Boa,Boa,Boa,Boa
7355,Tpf2NRgs0f0,63.44533333333333,48000,0.08059754,1.0513258,0.0766627639532089,21.650452,0.0459449756524205,1,0.015761600537995964,53,Boa,Boa,Boa,Boa
7356,7U1B5obs0iY,88.51447916666666,48000,0.10470612,1.0805271,0.0969028249382972,26.244553,0.0457872371671285,0,0.0,1,Boa,Boa,Ruim,Boa
7408,TmQhHTT4zL4,23.637916666666666,48000,0.13846773,0.9768518,0.1417489647865295,48.98854,0.0608065428366035,0,0.0,28,Ruim,Ruim,Ruim,Ruim
7417,jgzkD-91ywU,67.01279166666667,48000,0.076914124,1.0579828,0.0726988390088081,25.051289,0.0385199739127407,1,0.014922524120084038,53,Boa,Boa,Boa,Boa
7447,Su5SVaaMSFk,28.177416666666662,48000,0.3070703,1.2535294,0.2449645847082138,37.478916,0.0169399587788607,0,0.0,57,Ruim,Ruim,Ruim,Ruim
7462,cbjfPlZYEaU,35.8051875,48000,0.08103418,1.1013608,0.073576420545578,23.511024,0.0408773004635835,1,0.027928913931815045,53,Boa,Boa,Boa,Boa
7479,LoVzoJ88fnQ,17.310479166666667,48000,0.06565036,0.9189384,0.0714415237307548,25.274864,0.0503684823629081,3,0.1733054279500736,24,Boa,Boa,Boa,Boa
7482,_Na0ErA3bJM,13.455979166666667,48000,0.08672643,0.846313,0.1024755910038948,30.262112,0.0687439641937401,0,0.0,56,Ruim,Ruim,Ruim,Ruim
7497,gS9ElLHN-uY,29.22233333333333,48000,0.087965675,0.7993455,0.1100471243262291,38.419853,0.0547705434534671,0,0.0,22,Ruim,Boa,Boa,Boa
7520,euuUKArC_q8,11.401,48000,0.044138826,0.43278998,0.101986713707447,63.426804,0.0539388629852666,0,0.0,78,Boa,Boa,Boa,Boa
7543,OVTCkaZkftU,64.81066666666666,48000,0.08614874,0.93630207,0.0920095592737197,21.1923,0.0360727114015961,0,0.0,53,Boa,Boa,Boa,Boa
7574,lz9siymHrWk,22.604645833333333,48000,0.31573525,1.2517223,0.2522406578063965,33.37058,0.047815632370283,0,0.0,15,Ruim,Boa,Ruim,Ruim
7590,dc8T8L5hPWc,24.520291666666665,48000,0.016471002,0.86635697,0.0190117955207824,33.060917,0.0581078050239234,2,0.08156509829443981,64,Ruim,Boa,Boa,Boa
7591,5Ti4JP9UxEQ,59.87266666666667,48000,0.0141546335,0.37320495,0.0379272401332855,18.694765,0.0303299716668151,9,0.15031901034417486,60,Boa,Boa,Boa,Boa
7618,f8vYHqyCyfQ,64.02904166666667,48000,0.1877523,1.1278691,0.166466400027275,27.157705,0.0389814044800516,0,0.0,4,Boa,Boa,Boa,Boa
7623,CEK9J-GjDqo,33.018791666666665,48000,0.070760764,0.95404875,0.0741689205169677,27.73146,0.0636265481165213,0,0.0,56,Boa,Boa,Boa,Boa
7633,Of698M4mmQo,88.29389583333334,48000,0.04396317,0.80156744,0.0548465028405189,29.0675,0.0567541719203008,20,0.22651622528643092,2,Boa,Boa,Boa,Boa
7654,_ZcDarL11kU,29.570625,48000,0.17742358,1.1297607,0.1570452749729156,97.31874,0.068537219955824,0,0.0,27,Boa,Boa,Boa,Boa
7677,OIIhoCJswPE,33.7734375,48000,0.0797872,1.0084982,0.0791148692369461,26.534615,0.0336342062677612,2,0.05921813555401342,53,Boa,Boa,Boa,Boa
7682,dmqGApfzvQU,97.50060416666666,48000,0.038149115,0.64963,0.0587243735790252,30.054306,0.0837165441075921,7,0.07179442691487596,72,Boa,Boa,Boa,Boa
7684,phABb4ifGpA,60.00097916666667,48000,0.049042303,0.8503268,0.057674653828144,28.511425,0.0624389865412815,9,0.1499975521232813,64,Boa,Boa,Boa,Boa
7686,0aoTb61CtfY,82.1754375,48000,0.03406298,0.48362,0.0704333633184433,32.444298,0.0641328013450804,1,0.01216908641344319,42,Boa,Boa,Boa,Boa
7710,mx2ji6aqNu8,10.133333333333333,48000,0.114362895,0.86906946,0.1315923482179641,56.85447,0.0417904056585173,0,0.0,61,Ruim,Ruim,Ruim,Ruim
7726,895EsHSbTRI,8.904979166666667,48000,0.22498743,1.045706,0.215153619647026,87.89504,0.0160507110778443,0,0.0,27,Ruim,Ruim,Ruim,Ruim
7750,IrDraod9Jok,114.99683333333331,48000,0.0714859,0.9029359,0.0791705101728439,27.040802,0.0714711772301966,1,0.008695891626001297,77,Boa,Boa,Boa,Boa
7813,ljcL_pmPswI,85.58877083333333,48000,0.011721478,0.26862127,0.0436357036232948,22.933558,0.0583034831053713,13,0.15188908397007883,68,Boa,Ruim,Boa,Boa
7835,nmKIIPTWfok,28.96689583333333,48000,0.02592256,0.66408455,0.0390350297093391,30.703909,0.0856606394974226,8,0.2761773317386011,11,Boa,Boa,Ruim,Boa
7852,59OuLcAKTfs,25.9483125,48000,0.087399274,0.9846163,0.0887648090720176,180.7655,0.040462319859741,0,0.0,33,Ruim,Ruim,Ruim,Ruim
7867,MVVeA-R1xMI,84.224,48000,0.059089042,0.70765096,0.0835002660751342,35.7519,0.0683186900484361,16,0.18996960486322187,67,Boa,Boa,Boa,Boa
7868,gxY-U6eq11I,59.9539375,48000,0.20187017,1.036906,0.1946851164102554,39.793144,0.0654114453611457,0,0.0,41,Boa,Ruim,Boa,Boa
7869,K5S67DDNpTM,49.01733333333333,48000,0.034464505,0.80738044,0.0426868200302124,32.655083,0.0471206279917319,19,0.38761798547452603,52,Boa,Boa,Boa,Boa
7871,JsYAh2oy99s,64.04266666666666,48000,0.12056095,1.2099054,0.0996449440717697,54.41004,0.0590783721898418,0,0.0,28,Boa,Boa,Boa,Boa
7876,b3_OnNxEopY,60.0468125,48000,0.06672649,0.9673193,0.06898083537817,42.6167,0.0688705525643872,11,0.18319040665147712,24,Boa,Boa,Boa,Boa
7889,duW8euurJxk,71.21066666666667,48000,0.031653225,0.6808383,0.0464915484189987,36.388336,0.0888217013628875,16,0.22468544038346314,30,Ruim,Ruim,Boa,Ruim
7895,iZFKIU0H6NA,70.80927083333333,48000,0.13847129,1.028487,0.1346359252929687,33.64408,0.0598268458634583,8,0.11297955629044573,63,Ruim,Boa,Boa,Boa
7897,rKynawabD4M,40.867125,48000,0.10400619,0.94513524,0.1100437194108963,26.383884,0.0464059594777531,0,0.0,1,Boa,Boa,Boa,Boa
7913,AFXz7jLvttI,25.507125,48000,0.081036404,0.8142762,0.0995195508003234,31.37677,0.0363745035535117,8,0.31363785608923,35,Ruim,Ruim,Ruim,Ruim
7926,AZVvdNJqe5o,56.61025,48000,0.042410314,0.6243987,0.0679218471050262,24.665386,0.0358754253603052,1,0.017664645536806498,25,Boa,Boa,Boa,Boa
8006,jbVskortbac,54.6365625,48000,0.05962967,0.45544705,0.1309255808591842,34.3592,0.0367748313366191,0,0.0,9,Boa,Boa,Boa,Boa
8024,iY3vHTVrFq4,34.458416666666665,48000,0.026898783,0.47496063,0.056633710861206,27.490059,0.048715688834726,5,0.14510243022386887,60,Boa,Boa,Boa,Boa
8031,syfL6K2ydIE,11.157333333333334,48000,0.12731606,0.760232,0.1674700081348419,43.40618,0.0532016699498567,0,0.0,18,Ruim,Ruim,Ruim,Ruim
8033,9V2lVAOiLXs,45.720979166666666,48000,0.08212178,0.9128435,0.0899626091122627,56.122795,0.0637949077516328,0,0.0,28,Boa,Boa,Boa,Boa
8034,IdfMZiLDOfM,11.923458333333333,48000,0.24767664,1.0405858,0.2380165606737136,37.080444,0.0395953292710196,0,0.0,57,Ruim,Ruim,Ruim,Ruim
8038,mdlTjMHHr5c,102.3786875,48000,0.07559092,1.0963426,0.0689482688903808,24.664711,0.0708870023895718,21,0.20512081677155708,24,Boa,Boa,Boa,Boa
8059,fXGVj4EoB9A,90.368,48000,0.057884295,0.90794003,0.0637534335255622,32.97318,0.0578788758224654,25,0.27664660056657225,54,Boa,Boa,Boa,Boa
8073,IM5640FuD7E,73.81625,48000,0.07388407,1.2320186,0.0599699318408966,19.328955,0.0271931948508163,0,0.0,53,Boa,Ruim,Boa,Boa
8088,tNZDZ1JT2_Q,36.50177083333333,48000,0.19332242,1.3650417,0.1416238099336624,24.763174,0.0457022976464358,0,0.0,36,Boa,Boa,Boa,Boa
8089,jTIHRxtFho0,60.41833333333334,48000,0.025167307,0.46741414,0.0538436993956565,20.763788,0.0305484781829214,1,0.016551267551239965,70,Boa,Boa,Boa,Boa
8140,ldI-aY3Abps,13.746229166666666,48000,0.16416806,0.9667369,0.1698166877031326,186.1737,0.0340910468386346,0,0.0,3,Boa,Boa,Ruim,Boa
8147,3p__M246o4U,91.45179166666668,48000,0.11843348,1.3415314,0.0882823020219802,34.46798,0.0468094516306566,6,0.06560833736171562,43,Boa,Boa,Boa,Boa
8174,jKjWhUFXgTY,37.013333333333335,48000,0.2741408,1.203568,0.2277734279632568,45.98722,0.049933545357966,0,0.0,15,Ruim,Ruim,Ruim,Ruim
8177,Bj4TMIFqMDs,47.85697916666667,48000,0.010640807,0.27491853,0.0387053117156028,29.08271,0.1051494682555159,13,0.2716427201709956,30,Boa,Boa,Boa,Boa
8198,Y_Jhfzoz-xE,52.885333333333335,48000,0.04949506,0.7369763,0.0671596303582191,31.91868,0.0550447261292599,7,0.13236183945139168,46,Ruim,Boa,Boa,Boa
8223,Ow2lIS9wQQg,59.768166666666666,48000,0.018880444,0.4434656,0.0425747670233249,28.021778,0.0806615531316916,10,0.16731314607274217,30,Boa,Boa,Boa,Boa
8224,UFSRsFFdXmk,73.64210416666667,48000,0.119352125,1.190251,0.1002747565507888,34.057316,0.046197248085349,5,0.06789594154838392,1,Ruim,Ruim,Ruim,Ruim
8240,AdTGdHcNuFI,29.489354166666665,48000,0.14622843,1.1013072,0.1327771544456482,34.119164,0.0435213113132911,0,0.0,36,Boa,Boa,Boa,Boa
8260,oii5JZthQO4,56.494166666666665,48000,0.0670872,0.74049467,0.0905978232622146,36.65469,0.0694474761657542,15,0.2655141386278819,67,Boa,Boa,Boa,Boa
8274,nxI5Ib8znys,28.804354166666663,48000,0.07994389,0.76471007,0.1045414358377456,34.434948,0.0367158213971677,0,0.0,22,Boa,Boa,Boa,Boa
8282,LOT0PXMHPnc,43.955375,48000,0.04900923,0.66347003,0.0738680362701416,23.623636,0.0472630420028512,1,0.022750346231831718,42,Boa,Boa,Boa,Boa
8283,YpyTRFQUuIY,107.50839583333334,48000,0.03508032,0.5076498,0.0691033899784088,23.256132,0.0775145878807421,5,0.04650799559646795,14,Boa,Boa,Boa,Boa
8286,jLONKF-YSkQ,83.34804166666666,48000,0.057726044,0.8988421,0.0642226785421371,30.968725,0.0533918112722357,21,0.2519555298489817,2,Boa,Boa,Boa,Boa
8295,Sri-a3m5GRo,40.576875,48000,0.122209385,1.0406204,0.1174389645457267,36.625896,0.0551367700804862,0,0.0,1,Boa,Boa,Boa,Boa
8322,DwRIfRzHHcE,60.0468125,48000,0.13365804,1.0261848,0.1302475333213806,29.457409,0.0371689574544849,0,0.0,20,Boa,Boa,Boa,Boa
8323,0GD-VqLEzIg,114.85752083333334,48000,0.030211706,0.53537565,0.0564308539032936,23.015156,0.0508264595473857,24,0.20895453624517765,60,Ruim,Boa,Boa,Boa
8337,cHcwaN7mnBc,90.04897916666667,48000,0.014532642,0.30286115,0.0479845032095909,27.837616,0.0596951154062537,30,0.3331520276812318,34,Boa,Boa,Boa,Boa
8339,VGwlXDfESdw,81.02604166666667,48000,0.081130475,1.0541103,0.07696583122015,28.41652,0.0430766642054429,6,0.07405026676094362,53,Boa,Boa,Boa,Boa
8347,GeEs0cYuBr0,99.8458125,48000,0.069660164,0.9375613,0.0742993205785751,26.566885,0.0527800682352312,0,0.0,12,Boa,Boa,Boa,Boa
8361,0ya4L9xpWc0,68.68464583333333,48000,0.054870114,0.7709775,0.0711695402860641,27.22734,0.0539112541246118,0,0.0,12,Boa,Boa,Boa,Boa
8381,OLkWvzMCyeU,88.502875,48000,0.10978326,1.1505551,0.0954176485538482,28.735859,0.0741040645147927,1,0.011299067968130978,76,Boa,Boa,Boa,Boa
8387,jfxyyOhAF_k,60.5344375,48000,0.086654,1.0612073,0.0816560536623001,21.229364,0.0398130732745331,1,0.016519522461904433,53,Boa,Boa,Ruim,Boa
8392,TSHQT5MtGcw,36.10704166666667,48000,0.07608809,0.674223,0.11285300552845,24.102201,0.039504058531453,0,0.0,22,Boa,Boa,Ruim,Boa
8395,PiBGqzyT65Q,48.23945833333333,48000,0.021783369,0.4672874,0.0466166399419307,35.861275,0.0573017424828653,17,0.3524086004973453,34,Boa,Boa,Boa,Boa
8404,iyP-ZuoEkqE,19.07520833333333,48000,0.09629928,0.9997155,0.0963266864418983,28.264885,0.0781162660704304,0,0.0,16,Boa,Boa,Boa,Boa
8405,OYJwandgPOk,35.72391666666667,48000,0.060393102,0.6212331,0.0972148776054382,31.930677,0.0509797691231343,0,0.0,22,Boa,Boa,Boa,Boa
8415,HfyYs9hPWwM,30.1975625,48000,0.14284775,0.88845885,0.1607815027236938,30.6371,0.0319396627824858,0,0.0,4,Boa,Ruim,Boa,Boa
8416,Sj5JC991jtg,63.61108333333333,48000,0.03751515,0.7918496,0.0473766066133976,19.725197,0.0331546571093226,1,0.015720530882327895,25,Boa,Boa,Boa,Boa
8446,mdQrx6xt8ps,107.58966666666667,48000,0.06256275,1.0306978,0.0606994107365608,22.134682,0.0394904661476405,18,0.16730231217991814,17,Boa,Boa,Boa,Boa
8448,N6YkVJ4uCM8,29.9073125,48000,0.041436333,1.0400186,0.0398419164121151,27.530209,0.0446751223141048,0,0.0,12,Ruim,Ruim,Boa,Ruim
8471,U0i9pwe0iEc,42.49252083333333,48000,0.08370648,0.9613404,0.0870726779103279,29.079403,0.0648852735159387,5,0.11766776604314191,24,Boa,Boa,Boa,Boa
8482,ro7gU2cvwhE,22.442666666666668,48000,0.06632321,0.7504616,0.0883765593171119,24.417524,0.0357908996437054,0,0.0,48,Boa,Boa,Boa,Boa
8516,22lWtHbpTkU,62.49697916666667,48000,0.16177562,1.28608,0.1257897019386291,30.940037,0.050763001946459,1,0.016000773370712918,36,Boa,Boa,Boa,Boa
8592,2cU8gtVX7U4,83.35964583333333,48000,0.17666063,1.1081505,0.1594193428754806,88.26843,0.0418960307701535,0,0.0,27,Ruim,Ruim,Boa,Ruim
8593,Y6VK754xDLc,48.9386875,48000,0.07838402,1.0078166,0.0777760818600654,24.053057,0.0317869072101765,3,0.0613011944793166,53,Boa,Boa,Boa,Boa
8607,Sol5sfSB4-Y,91.1786875,48000,0.039363835,0.70387924,0.0559241324663162,25.886665,0.0629469866724178,6,0.06580485159977764,72,Boa,Ruim,Boa,Boa
8627,BZr_tywUSEA,30.000979166666667,48000,0.029659009,0.30597937,0.0969313979148864,25.429659,0.0455550957607536,0,0.0,0,Boa,Boa,Boa,Boa
8674,LQEr2A1VHgg,19.648020833333334,48000,0.036860377,0.6782861,0.0543434061110019,30.30942,0.0624054170340477,2,0.10179142301228389,64,Boa,Boa,Boa,Boa
8718,B5qYxZrMeC0,54.578520833333336,48000,0.10135845,1.0065203,0.1007018461823463,24.750145,0.0483511991279069,0,0.0,1,Boa,Boa,Boa,Boa
8721,u0nuCJLlRKY,115.09333333333332,48000,0.06688794,0.8630134,0.0775050967931747,23.754538,0.0263386354224585,0,0.0,48,Boa,Boa,Boa,Boa
8726,mHsrq_wDOGA,7.743875,48000,0.2148521,1.178931,0.1822431534528732,38.839233,0.037353515625,0,0.0,4,Ruim,Boa,Ruim,Ruim
8734,gYGYPPwbP7k,44.16435416666667,48000,0.09014397,1.0774252,0.0836661010980606,25.695564,0.0471845238544433,4,0.09057077988517323,1,Ruim,Ruim,Boa,Ruim
8743,YFaoDybgVzQ,19.12164583333333,48000,0.023010189,0.45319176,0.050773624330759,35.16741,0.0713359026422197,2,0.10459350714014116,68,Boa,Boa,Boa,Boa
8766,lUBiz7WwGRM,51.008,48000,0.036158845,0.9191853,0.0393379293382167,19.902416,0.0699273264360756,0,0.0,77,Boa,Boa,Boa,Boa
8809,JvCciFqPFT8,77.29066666666667,48000,0.034269977,0.7101526,0.0482572019100189,26.39156,0.0624310733105078,10,0.1293817278498482,64,Boa,Boa,Boa,Boa
8816,c_1-40YwOC8,17.333708333333334,48000,0.06503181,0.6312095,0.103027306497097,29.402325,0.0451203706373001,1,0.0576910595684228,22,Boa,Ruim,Boa,Boa
8826,VoyUZjYWuHY,70.17070833333334,48000,0.03759313,0.67518866,0.0556779652833938,22.09318,0.02414197873917,0,0.0,48,Ruim,Boa,Boa,Boa
8827,SXYRkjxVcPU,36.26958333333334,48000,0.10477371,0.88841295,0.1179335638880729,27.808058,0.0462196033795207,1,0.02757131204981217,1,Boa,Boa,Boa,Boa
8842,1OKdVf2ue0E,28.565354166666665,48000,0.065189384,0.7448108,0.0875247567892074,40.00589,0.071514338955767,12,0.42008931273826033,67,Boa,Boa,Boa,Boa
8852,5T0NJcZoa_0,81.61814583333333,48000,0.03417925,0.593624,0.0575772747397422,28.953167,0.0661915262145517,17,0.20828701542319406,68,Boa,Boa,Ruim,Boa
8857,27TMnxN4FAQ,58.76970833333333,48000,0.066620335,1.0115623,0.0658588483929634,20.716448,0.0451474059947822,0,0.0,53,Boa,Boa,Boa,Boa
8887,D9Nfpag7pQE,21.466854166666668,48000,0.034970637,0.7848347,0.0445579662919044,25.326725,0.0591082281576006,6,0.2795006642993219,11,Boa,Boa,Boa,Boa
8899,g27WCKZOa3g,39.891895833333336,48000,0.06427649,1.0030184,0.0640830621123313,34.8183,0.033450137867647,0,0.0,48,Boa,Boa,Boa,Boa
8928,hUZs03_ZTBc,32.57760416666667,48000,0.09312609,0.8916298,0.1044447869062423,39.382244,0.0587932180851063,3,0.09208780316232074,56,Boa,Boa,Boa,Boa
8937,bqZUiXMMGDw,33.28,48000,0.06914721,1.1285465,0.0612710304558277,25.94035,0.0800979941825536,0,0.0,77,Boa,Boa,Boa,Boa
8970,63lBbV42njg,45.7085,48000,0.104041316,1.0145104,0.1025532260537147,27.954025,0.0615601212523331,0,0.0,76,Boa,Boa,Boa,Boa
