n_neighbors,n_components,min_dist,min_cluster_size,min_samples,cluster_eps,embedding_model,coherence,diversity,silhouette,mean_score
10,5,0.0,50,5,0.1,all-MiniLM-L6-v2,0.5399939579270009,0.83,0.30543893575668335,0.5584776312278947
10,5,0.0,50,5,0.1,all-distilroberta-v1,0.4816830416128724,0.8676470588235294,-0.036026835441589355,0.4377677549982708
10,5,0.0,50,5,0.1,paraphrase-MiniLM-L6-v2,0.45434050648190355,0.7309523809523809,0.5936645269393921,0.5929858047912255
10,5,0.0,50,5,0.1,neuralmind/bert-base-portuguese-cased,0.6010519228540533,0.72,0.42769861221313477,0.582916845022396
10,5,0.0,50,10,0.1,all-MiniLM-L6-v2,0.5163024677613691,0.9166666666666666,0.6322091817855835,0.6883927720712064
10,5,0.0,50,10,0.1,all-distilroberta-v1,0.486781865053179,0.8583333333333333,0.14532189071178436,0.4968123630327656
10,5,0.0,50,10,0.1,paraphrase-MiniLM-L6-v2,0.458235525566856,0.8,0.6800172924995422,0.6460842726887994
10,5,0.0,50,10,0.1,neuralmind/bert-base-portuguese-cased,0.6203529024867365,0.7653846153846153,0.4942544996738434,0.6266640058483984
10,5,0.0,50,100,0.1,all-MiniLM-L6-v2,0.47080170661900494,0.825,0.8266275525093079,0.7074764197094376
10,5,0.0,50,100,0.1,all-distilroberta-v1,0.5904599606977377,0.8714285714285714,0.43029338121414185,0.630727304446817
10,5,0.0,50,100,0.1,paraphrase-MiniLM-L6-v2,0.4737512001891553,0.875,0.8623101711273193,0.7370204571054915
10,5,0.0,50,100,0.1,neuralmind/bert-base-portuguese-cased,0.6073036031365855,0.79375,0.3607024848461151,0.5872520293275668
10,5,0.0,100,5,0.1,all-MiniLM-L6-v2,0.43526342948964175,0.7833333333333333,0.5097016096115112,0.576099457478162
10,5,0.0,100,5,0.1,all-distilroberta-v1,0.568692889519094,0.86875,0.24353046715259552,0.5603244522238965
10,5,0.0,100,5,0.1,paraphrase-MiniLM-L6-v2,0.45248849797987023,0.875,0.8517754673957825,0.7264213217918843
10,5,0.0,100,5,0.1,neuralmind/bert-base-portuguese-cased,0.5855894104641085,0.7454545454545455,0.4378083348274231,0.5896174302486924
10,5,0.0,100,10,0.1,all-MiniLM-L6-v2,0.4580591963306784,0.9,0.810949444770813,0.7230028803671638
10,5,0.0,100,10,0.1,all-distilroberta-v1,0.5566195431643959,0.8375,0.30572059750556946,0.5666133802233219
10,5,0.0,100,10,0.1,paraphrase-MiniLM-L6-v2,0.45263640564741964,0.875,0.8524798154830933,0.7267054070435043
10,5,0.0,100,10,0.1,neuralmind/bert-base-portuguese-cased,0.5968936471035625,0.765,0.5238223671913147,0.6285720047649591
10,5,0.0,100,100,0.1,all-MiniLM-L6-v2,0.47080170661900494,0.825,0.8266275525093079,0.7074764197094376
10,5,0.0,100,100,0.1,all-distilroberta-v1,0.5904599606977377,0.8714285714285714,0.43029338121414185,0.630727304446817
10,5,0.0,100,100,0.1,paraphrase-MiniLM-L6-v2,0.4737512001891553,0.875,0.8623101711273193,0.7370204571054915
10,5,0.0,100,100,0.1,neuralmind/bert-base-portuguese-cased,0.646865725432927,0.8416666666666667,0.47207754850387573,0.6535366468678231
10,5,0.0,150,5,0.1,all-MiniLM-L6-v2,0.45898289678352394,0.875,0.8152495622634888,0.7164108196823374
10,5,0.0,150,5,0.1,all-distilroberta-v1,0.5429378409206779,0.8083333333333333,0.25461065769195557,0.5352939439819889
10,5,0.0,150,5,0.1,paraphrase-MiniLM-L6-v2,0.45248849797987023,0.875,0.8517754673957825,0.7264213217918843
10,5,0.0,150,5,0.1,neuralmind/bert-base-portuguese-cased,0.5799808848973852,0.78,0.48167920112609863,0.6138866953411614
10,5,0.0,150,10,0.1,all-MiniLM-L6-v2,0.4580591963306784,0.9,0.810949444770813,0.7230028803671638
10,5,0.0,150,10,0.1,all-distilroberta-v1,0.5700768331921032,0.8285714285714286,0.3411880135536194,0.5799454251057171
10,5,0.0,150,10,0.1,paraphrase-MiniLM-L6-v2,0.45263640564741964,0.875,0.8524798154830933,0.7267054070435043
10,5,0.0,150,10,0.1,neuralmind/bert-base-portuguese-cased,0.597664591599929,0.8166666666666667,0.5087825059890747,0.6410379214185568
10,5,0.0,150,100,0.1,all-MiniLM-L6-v2,0.47080170661900494,0.825,0.8266274929046631,0.7074763998412227
10,5,0.0,150,100,0.1,all-distilroberta-v1,0.5904599606977377,0.8714285714285714,0.43029338121414185,0.630727304446817
10,5,0.0,150,100,0.1,paraphrase-MiniLM-L6-v2,0.4737512001891553,0.875,0.8623101711273193,0.7370204571054915
10,5,0.0,150,100,0.1,neuralmind/bert-base-portuguese-cased,0.6237226904841485,0.9375,0.5180367231369019,0.6930864712070167
10,5,0.1,50,5,0.1,all-MiniLM-L6-v2,0.49410952050684975,0.975,0.4174516201019287,0.6288537135362594
10,5,0.1,50,5,0.1,all-distilroberta-v1,0.5085782533099399,0.7625,0.3614973723888397,0.5441918752329266
10,5,0.1,50,5,0.1,paraphrase-MiniLM-L6-v2,0.42267891074520014,0.8,0.6726915240287781,0.6317901449246595
10,5,0.1,50,5,0.1,neuralmind/bert-base-portuguese-cased,0.5610120904633346,0.8454545454545455,0.3745412826538086,0.5936693061905629
10,5,0.1,50,10,0.1,all-MiniLM-L6-v2,0.5236393197483629,0.975,0.4224013090133667,0.6403468762539098
10,5,0.1,50,10,0.1,all-distilroberta-v1,0.49553790822878957,0.8846153846153846,0.24511677026748657,0.541756687703887
10,5,0.1,50,10,0.1,paraphrase-MiniLM-L6-v2,0.42267891074520014,0.8,0.6726915240287781,0.6317901449246595
10,5,0.1,50,10,0.1,neuralmind/bert-base-portuguese-cased,0.6031675841792741,0.7708333333333334,0.5043177604675293,0.6261062259933788
10,5,0.1,50,100,0.1,all-MiniLM-L6-v2,0.4819933318902556,0.825,0.7956610918045044,0.7008848078982534
10,5,0.1,50,100,0.1,all-distilroberta-v1,0.591524283330445,0.8357142857142857,0.3716721534729004,0.5996369075058771
10,5,0.1,50,100,0.1,paraphrase-MiniLM-L6-v2,0.47766407547588374,0.825,0.8289466500282288,0.7105369085013709
10,5,0.1,50,100,0.1,neuralmind/bert-base-portuguese-cased,0.6524652693979353,0.7857142857142857,0.46342068910598755,0.6338667480727361
10,5,0.1,100,5,0.1,all-MiniLM-L6-v2,0.4819933318902556,0.825,0.7826067805290222,0.696533370806426
10,5,0.1,100,5,0.1,all-distilroberta-v1,0.5587211339637168,0.645,0.09178052842617035,0.4318338874632957
10,5,0.1,100,5,0.1,paraphrase-MiniLM-L6-v2,0.43227841416051055,0.6409090909090909,0.4281251132488251,0.5004375394394754
10,5,0.1,100,5,0.1,neuralmind/bert-base-portuguese-cased,0.576744184435805,0.8125,0.4429601728916168,0.6107347857758073
10,5,0.1,100,10,0.1,all-MiniLM-L6-v2,0.4834958185675311,0.825,0.7804454565048218,0.6963137583574509
10,5,0.1,100,10,0.1,all-distilroberta-v1,0.5683412491283085,0.8571428571428571,0.3693506419658661,0.5982782494123439
10,5,0.1,100,10,0.1,paraphrase-MiniLM-L6-v2,0.4412818074598232,0.7333333333333333,0.14566834270954132,0.44009449450089927
10,5,0.1,100,10,0.1,neuralmind/bert-base-portuguese-cased,0.594208887506514,0.75,0.5204811096191406,0.6215633323752182
10,5,0.1,100,100,0.1,all-MiniLM-L6-v2,0.4819933318902556,0.825,0.7956610321998596,0.7008847880300384
10,5,0.1,100,100,0.1,all-distilroberta-v1,0.5900007247303538,0.825,0.3879317343235016,0.6009774863512851
10,5,0.1,100,100,0.1,paraphrase-MiniLM-L6-v2,0.47766407547588374,0.825,0.8289466500282288,0.7105369085013709
10,5,0.1,100,100,0.1,neuralmind/bert-base-portuguese-cased,0.6301935486540551,0.9375,0.5236020088195801,0.6970985191578783
10,5,0.1,150,5,0.1,all-MiniLM-L6-v2,0.4819933318902556,0.825,0.782606840133667,0.6965333906746408
10,5,0.1,150,5,0.1,all-distilroberta-v1,0.5663254936837372,0.6944444444444444,0.10809110105037689,0.4562870130595195
10,5,0.1,150,5,0.1,paraphrase-MiniLM-L6-v2,0.47919705071315905,0.7,0.5600547194480896,0.5797505900537495
10,5,0.1,150,5,0.1,neuralmind/bert-base-portuguese-cased,0.5771096964114678,0.8642857142857143,0.4664105474948883,0.6359353193973568
10,5,0.1,150,10,0.1,all-MiniLM-L6-v2,0.4834958185675311,0.825,0.7804454565048218,0.6963137583574509
10,5,0.1,150,10,0.1,all-distilroberta-v1,0.5495231262764143,0.8166666666666667,0.18890169262886047,0.5183638285239804
10,5,0.1,150,10,0.1,paraphrase-MiniLM-L6-v2,0.45012432766638594,0.85,0.8112114071846008,0.7037785782836622
10,5,0.1,150,10,0.1,neuralmind/bert-base-portuguese-cased,0.5792743752136289,0.85,0.4594927728176117,0.6295890493437469
10,5,0.1,150,100,0.1,all-MiniLM-L6-v2,0.4819933318902556,0.825,0.7956610918045044,0.7008848078982534
10,5,0.1,150,100,0.1,all-distilroberta-v1,0.579256928683179,0.8,0.32135069370269775,0.5668692074619589
10,5,0.1,150,100,0.1,paraphrase-MiniLM-L6-v2,0.47766407547588374,0.825,0.8289466500282288,0.7105369085013709
10,5,0.1,150,100,0.1,neuralmind/bert-base-portuguese-cased,0.5658088430438322,0.9333333333333333,0.6978610157966614,0.7323343973912756
10,5,0.5,50,5,0.1,all-MiniLM-L6-v2,0.44207579978802547,0.8409090909090909,0.029374074190855026,0.4374529882959905
10,5,0.5,50,5,0.1,all-distilroberta-v1,0.5635317883681525,0.7681818181818182,0.06292823702096939,0.46488061452364676
10,5,0.5,50,5,0.1,paraphrase-MiniLM-L6-v2,0.42235212300463726,0.775,0.41136854887008667,0.5362402239582413
10,5,0.5,50,5,0.1,neuralmind/bert-base-portuguese-cased,0.4212435443986453,0.9833333333333333,-0.0842391774058342,0.4401125667753815
10,5,0.5,50,10,0.1,all-MiniLM-L6-v2,0.4792088649109499,0.8272727272727273,0.41096943616867065,0.5724836761174493
10,5,0.5,50,10,0.1,all-distilroberta-v1,0.35261598382726433,0.925,0.034757498651742935,0.4374578274930025
10,5,0.5,50,10,0.1,paraphrase-MiniLM-L6-v2,0.39482609634510846,0.825,0.3992239832878113,0.5396833598776399
10,5,0.5,50,10,0.1,neuralmind/bert-base-portuguese-cased,0.48778579459632776,0.925,-0.045009881258010864,0.45592530444610563
10,5,0.5,50,100,0.1,all-MiniLM-L6-v2,0.47312342777044614,0.825,0.5832792520523071,0.6271342266075844
10,5,0.5,50,100,0.1,all-distilroberta-v1,0.5542207653547006,0.86,0.22676552832126617,0.5469954312253222
10,5,0.5,50,100,0.1,paraphrase-MiniLM-L6-v2,0.45856454892539467,0.85,0.7405682802200317,0.6830442763818088
10,5,0.5,50,100,0.1,neuralmind/bert-base-portuguese-cased,0.5640701654860796,0.9333333333333333,0.7317591309547424,0.7430542099247184
10,5,0.5,100,5,0.1,all-MiniLM-L6-v2,0.4806188767034854,0.82,0.3390321135520935,0.5465503300851929
10,5,0.5,100,5,0.1,all-distilroberta-v1,0.5438051658193787,0.8071428571428572,0.06328485906124115,0.47141096067449234
10,5,0.5,100,5,0.1,paraphrase-MiniLM-L6-v2,0.3829870301882818,0.8375,0.504957914352417,0.5751483148468995
10,5,0.5,100,5,0.1,neuralmind/bert-base-portuguese-cased,0.6170276134477222,0.9416666666666667,0.5107326507568359,0.6898089769570749
10,5,0.5,100,10,0.1,all-MiniLM-L6-v2,0.4089812289459702,0.8,0.08245036751031876,0.430477198818763
10,5,0.5,100,10,0.1,all-distilroberta-v1,0.537513853459956,0.8857142857142857,0.2697681486606598,0.5643320959449671
10,5,0.5,100,10,0.1,paraphrase-MiniLM-L6-v2,0.4939703035396029,0.78,0.6079712510108948,0.6273138515168326
10,5,0.5,100,10,0.1,neuralmind/bert-base-portuguese-cased,0.5447237535344519,0.9333333333333333,0.5188699960708618,0.665642360979549
10,5,0.5,100,100,0.1,all-MiniLM-L6-v2,0.47312342777044614,0.825,0.5832792520523071,0.6271342266075844
10,5,0.5,100,100,0.1,all-distilroberta-v1,0.4674921927422133,0.8,0.2043079137802124,0.4906000355074753
10,5,0.5,100,100,0.1,paraphrase-MiniLM-L6-v2,0.45856454892539467,0.85,0.7405683398246765,0.6830442962500237
10,5,0.5,100,100,0.1,neuralmind/bert-base-portuguese-cased,0.5160161234727567,0.95,0.7518115639686584,0.739275895813805
10,5,0.5,150,5,0.1,all-MiniLM-L6-v2,0.4608843562953269,0.9333333333333333,0.33703896403312683,0.5770855512205957
10,5,0.5,150,5,0.1,all-distilroberta-v1,0.5313380449674685,0.775,0.06602946668863297,0.45745583721870053
10,5,0.5,150,5,0.1,paraphrase-MiniLM-L6-v2,0.4584159176293185,0.825,0.09556012600660324,0.4596586812119739
10,5,0.5,150,5,0.1,neuralmind/bert-base-portuguese-cased,0.6041321127293482,0.9125,0.5867434740066528,0.7011251955786669
10,5,0.5,150,10,0.1,all-MiniLM-L6-v2,0.498262684405401,0.875,0.6506915092468262,0.6746513978840758
10,5,0.5,150,10,0.1,all-distilroberta-v1,0.4802915511028246,0.82,0.09152209758758545,0.4639378828968033
10,5,0.5,150,10,0.1,paraphrase-MiniLM-L6-v2,0.4939703035396029,0.78,0.6079712510108948,0.6273138515168326
10,5,0.5,150,10,0.1,neuralmind/bert-base-portuguese-cased,0.5447237535344519,0.9333333333333333,0.518869936466217,0.665642341111334
10,5,0.5,150,100,0.1,all-MiniLM-L6-v2,0.44644130074696814,0.8166666666666667,0.49658727645874023,0.5865650812907917
10,5,0.5,150,100,0.1,all-distilroberta-v1,0.39634769823053373,0.7,0.12517236173152924,0.4071733533206876
10,5,0.5,150,100,0.1,paraphrase-MiniLM-L6-v2,0.45856454892539467,0.85,0.7405683398246765,0.6830442962500237
10,5,0.5,150,100,0.1,neuralmind/bert-base-portuguese-cased,0.5160161234727567,0.95,0.7518115639686584,0.739275895813805
10,10,0.0,50,5,0.1,all-MiniLM-L6-v2,0.5209556070408661,0.8583333333333333,0.2609908878803253,0.5467599427515082
10,10,0.0,50,5,0.1,all-distilroberta-v1,0.4818760949369617,0.890625,0.12980490922927856,0.5007686680554134
10,10,0.0,50,5,0.1,paraphrase-MiniLM-L6-v2,0.4597322959698038,0.7521739130434782,0.6282937526702881,0.6133999872278567
10,10,0.0,50,5,0.1,neuralmind/bert-base-portuguese-cased,0.5513149811483969,0.7833333333333333,0.37547656893730164,0.5700416278063439
10,10,0.0,50,10,0.1,all-MiniLM-L6-v2,0.5306567921744171,0.9,0.6300802230834961,0.6869123384193044
10,10,0.0,50,10,0.1,all-distilroberta-v1,0.45102368087173444,0.89,0.3006270229816437,0.5472169012844593
10,10,0.0,50,10,0.1,paraphrase-MiniLM-L6-v2,0.44523134908113615,0.8022727272727272,0.6383812427520752,0.6286284397019796
10,10,0.0,50,10,0.1,neuralmind/bert-base-portuguese-cased,0.5876417763968,0.7785714285714286,0.3247748911380768,0.5636626987021018
10,10,0.0,50,100,0.1,all-MiniLM-L6-v2,0.47584988143663365,0.85,0.8194795250892639,0.7151098021752992
10,10,0.0,50,100,0.1,all-distilroberta-v1,0.5847221053890389,0.8714285714285714,0.45330363512039185,0.6364847706460007
10,10,0.0,50,100,0.1,paraphrase-MiniLM-L6-v2,0.454368672340346,0.85,0.854451060295105,0.7196065775451504
10,10,0.0,50,100,0.1,neuralmind/bert-base-portuguese-cased,0.606215950359684,0.79375,0.34575286507606506,0.5819062718119163
10,10,0.0,100,5,0.1,all-MiniLM-L6-v2,0.4531912463505734,0.875,0.8036363124847412,0.7106091862784382
10,10,0.0,100,5,0.1,all-distilroberta-v1,0.5289416959631486,0.8444444444444444,0.24041804671287537,0.5379347290401562
10,10,0.0,100,5,0.1,paraphrase-MiniLM-L6-v2,0.46448469310268803,0.875,0.8425078392028809,0.7273308441018562
10,10,0.0,100,5,0.1,neuralmind/bert-base-portuguese-cased,0.5609300693411127,0.7458333333333333,0.5016102194786072,0.602791207384351
10,10,0.0,100,10,0.1,all-MiniLM-L6-v2,0.47508802682085194,0.85,0.8127897381782532,0.7126259216663683
10,10,0.0,100,10,0.1,all-distilroberta-v1,0.5696214940287476,0.8214285714285714,0.38466814160346985,0.591906069020263
10,10,0.0,100,10,0.1,paraphrase-MiniLM-L6-v2,0.4516057634457874,0.875,0.8434184789657593,0.7233414141371822
10,10,0.0,100,10,0.1,neuralmind/bert-base-portuguese-cased,0.5798925976624065,0.765,0.490930438041687,0.6119410119013645
10,10,0.0,100,100,0.1,all-MiniLM-L6-v2,0.47584988143663365,0.85,0.8194795250892639,0.7151098021752992
10,10,0.0,100,100,0.1,all-distilroberta-v1,0.5847221053890389,0.8714285714285714,0.45330363512039185,0.6364847706460007
10,10,0.0,100,100,0.1,paraphrase-MiniLM-L6-v2,0.454368672340346,0.85,0.854451060295105,0.7196065775451504
10,10,0.0,100,100,0.1,neuralmind/bert-base-portuguese-cased,0.650894683958901,0.8416666666666667,0.47217774391174316,0.654913031512437
10,10,0.0,150,5,0.1,all-MiniLM-L6-v2,0.4531912463505734,0.875,0.8036363124847412,0.7106091862784382
10,10,0.0,150,5,0.1,all-distilroberta-v1,0.5416677482495637,0.8,0.24335706233978271,0.5283416035297822
10,10,0.0,150,5,0.1,paraphrase-MiniLM-L6-v2,0.46448469310268803,0.875,0.8425078392028809,0.7273308441018562
10,10,0.0,150,5,0.1,neuralmind/bert-base-portuguese-cased,0.48413214743962296,0.825,0.013398691080510616,0.44084361284004453
10,10,0.0,150,10,0.1,all-MiniLM-L6-v2,0.47508802682085194,0.85,0.8127897381782532,0.7126259216663683
10,10,0.0,150,10,0.1,all-distilroberta-v1,0.5696214940287476,0.8214285714285714,0.38466817140579224,0.5919060789543704
10,10,0.0,150,10,0.1,paraphrase-MiniLM-L6-v2,0.4516057634457874,0.875,0.8434184193611145,0.7233413942689673
10,10,0.0,150,10,0.1,neuralmind/bert-base-portuguese-cased,0.577937204660228,0.8,0.5308061838150024,0.6362477961584102
10,10,0.0,150,100,0.1,all-MiniLM-L6-v2,0.47584988143663365,0.85,0.8194795250892639,0.7151098021752992
10,10,0.0,150,100,0.1,all-distilroberta-v1,0.5847221053890389,0.8714285714285714,0.45330363512039185,0.6364847706460007
10,10,0.0,150,100,0.1,paraphrase-MiniLM-L6-v2,0.454368672340346,0.85,0.854451060295105,0.7196065775451504
10,10,0.0,150,100,0.1,neuralmind/bert-base-portuguese-cased,0.6256218159309151,0.9375,0.5110755562782288,0.6913991240697146
10,10,0.1,50,5,0.1,all-MiniLM-L6-v2,0.5226385544243886,0.975,0.3945215344429016,0.63072002962243
10,10,0.1,50,5,0.1,all-distilroberta-v1,0.5315335523594784,0.7739130434782608,0.311383992433548,0.5389435294237624
10,10,0.1,50,5,0.1,paraphrase-MiniLM-L6-v2,0.3895626158212302,0.8,0.6951765418052673,0.6282463858754992
10,10,0.1,50,5,0.1,neuralmind/bert-base-portuguese-cased,0.5972907957997476,0.785,0.3661171495914459,0.5828026484637312
10,10,0.1,50,10,0.1,all-MiniLM-L6-v2,0.5250896442466017,0.95,0.39452219009399414,0.6232039447801986
10,10,0.1,50,10,0.1,all-distilroberta-v1,0.5147318869264721,0.95,0.05901607125997543,0.5079159860621492
10,10,0.1,50,10,0.1,paraphrase-MiniLM-L6-v2,0.3895626158212302,0.8,0.6951766610145569,0.628246425611929
10,10,0.1,50,10,0.1,neuralmind/bert-base-portuguese-cased,0.6076947237402351,0.7541666666666667,0.43625083565711975,0.5993707420213404
10,10,0.1,50,100,0.1,all-MiniLM-L6-v2,0.47312893258265254,0.825,0.7902841567993164,0.6961376964606564
10,10,0.1,50,100,0.1,all-distilroberta-v1,0.5823515149983718,0.8428571428571429,0.40452292561531067,0.6099105278236084
10,10,0.1,50,100,0.1,paraphrase-MiniLM-L6-v2,0.4976442736358575,0.875,0.816772997379303,0.7298057570050535
10,10,0.1,50,100,0.1,neuralmind/bert-base-portuguese-cased,0.6529004052526357,0.7857142857142857,0.44371429085731506,0.6274429939414121
10,10,0.1,100,5,0.1,all-MiniLM-L6-v2,0.42661883364401554,0.7833333333333333,0.3531426191329956,0.5210315953701148
10,10,0.1,100,5,0.1,all-distilroberta-v1,0.5700069757464697,0.9,0.26333704590797424,0.5777813405514813
10,10,0.1,100,5,0.1,paraphrase-MiniLM-L6-v2,0.4704503738886608,0.73125,0.6708223819732666,0.6241742519539758
10,10,0.1,100,5,0.1,neuralmind/bert-base-portuguese-cased,0.6020430994654189,0.7888888888888889,0.37269312143325806,0.5878750365958553
10,10,0.1,100,10,0.1,all-MiniLM-L6-v2,0.42661883364401554,0.7833333333333333,0.35786014795303345,0.5226041049767941
10,10,0.1,100,10,0.1,all-distilroberta-v1,0.5625456310885444,0.94,0.26064401865005493,0.5877298832461998
10,10,0.1,100,10,0.1,paraphrase-MiniLM-L6-v2,0.4854799395607546,0.6714285714285714,0.5150217413902283,0.5573100841265181
10,10,0.1,100,10,0.1,neuralmind/bert-base-portuguese-cased,0.6029237092598163,0.7545454545454545,0.4522359073162079,0.6032350237071595
10,10,0.1,100,100,0.1,all-MiniLM-L6-v2,0.47312893258265254,0.825,0.7902841567993164,0.6961376964606564
10,10,0.1,100,100,0.1,all-distilroberta-v1,0.5897254377741575,0.8166666666666667,0.41618046164512634,0.6075241886953169
10,10,0.1,100,100,0.1,paraphrase-MiniLM-L6-v2,0.4976442736358575,0.875,0.8167729377746582,0.7298057371368385
10,10,0.1,100,100,0.1,neuralmind/bert-base-portuguese-cased,0.6301935486540551,0.9375,0.5201063752174377,0.6959333079571642
10,10,0.1,150,5,0.1,all-MiniLM-L6-v2,0.42661883364401554,0.7833333333333333,0.3531426191329956,0.5210315953701148
10,10,0.1,150,5,0.1,all-distilroberta-v1,0.5700069757464697,0.9,0.26333704590797424,0.5777813405514813
10,10,0.1,150,5,0.1,paraphrase-MiniLM-L6-v2,0.44495896288005876,0.7416666666666667,0.6610913276672363,0.6159056524046539
10,10,0.1,150,5,0.1,neuralmind/bert-base-portuguese-cased,0.6049857182133361,0.8571428571428571,0.47170567512512207,0.6446114168271051
10,10,0.1,150,10,0.1,all-MiniLM-L6-v2,0.42661883364401554,0.7833333333333333,0.35786014795303345,0.5226041049767941
10,10,0.1,150,10,0.1,all-distilroberta-v1,0.5625456310885444,0.94,0.2606440484523773,0.5877298931803072
10,10,0.1,150,10,0.1,paraphrase-MiniLM-L6-v2,0.4745008208253725,0.74,0.5559786558151245,0.5901598255468323
10,10,0.1,150,10,0.1,neuralmind/bert-base-portuguese-cased,0.5947113816779314,0.8285714285714286,0.42105260491371155,0.6147784717210238
10,10,0.1,150,100,0.1,all-MiniLM-L6-v2,0.47312893258265254,0.825,0.7902841567993164,0.6961376964606564
10,10,0.1,150,100,0.1,all-distilroberta-v1,0.5918981758326385,0.8,0.4401111304759979,0.6106697687695455
10,10,0.1,150,100,0.1,paraphrase-MiniLM-L6-v2,0.4976442736358575,0.875,0.8167729377746582,0.7298057371368385
10,10,0.1,150,100,0.1,neuralmind/bert-base-portuguese-cased,0.5658088430438322,0.9333333333333333,0.6961090564727783,0.7317504109499812
10,10,0.5,50,5,0.1,all-MiniLM-L6-v2,0.44789839411366345,0.8,0.2261994481086731,0.4913659474074455
10,10,0.5,50,5,0.1,all-distilroberta-v1,0.5441244803879876,0.9,0.23811793327331543,0.5607474712204343
10,10,0.5,50,5,0.1,paraphrase-MiniLM-L6-v2,0.43289762786428043,0.775,0.48032820224761963,0.5627419433706334
10,10,0.5,50,5,0.1,neuralmind/bert-base-portuguese-cased,0.45041831616010586,0.9833333333333333,0.09320100396871567,0.5089842178207182
10,10,0.5,50,10,0.1,all-MiniLM-L6-v2,0.4667909216383011,0.8545454545454545,0.4792410433292389,0.6001924731709981
10,10,0.5,50,10,0.1,all-distilroberta-v1,0.5497858304742056,0.825,0.47458910942077637,0.6164583132983273
10,10,0.5,50,10,0.1,paraphrase-MiniLM-L6-v2,0.43289762786428043,0.775,0.49522873759269714,0.5677087884856592
10,10,0.5,50,10,0.1,neuralmind/bert-base-portuguese-cased,0.4806331994128281,0.88,0.48521173000335693,0.6152816431387284
10,10,0.5,50,100,0.1,all-MiniLM-L6-v2,0.5279393647119341,0.875,0.7263247966766357,0.7097547204628567
10,10,0.5,50,100,0.1,all-distilroberta-v1,0.4288857473728746,0.875,0.5102335810661316,0.6047064428130021
10,10,0.5,50,100,0.1,paraphrase-MiniLM-L6-v2,0.4637143316805611,0.7375,0.7356167435646057,0.6456103584150555
10,10,0.5,50,100,0.1,neuralmind/bert-base-portuguese-cased,0.5698414859872892,0.9,0.6524885892868042,0.7074433584246979
10,10,0.5,100,5,0.1,all-MiniLM-L6-v2,0.4635908555447887,0.7928571428571428,0.3753139078617096,0.5439206354212137
10,10,0.5,100,5,0.1,all-distilroberta-v1,0.5441244803879876,0.9,0.23811793327331543,0.5607474712204343
10,10,0.5,100,5,0.1,paraphrase-MiniLM-L6-v2,0.4010995523465947,0.8666666666666667,0.3672659397125244,0.5450107195752619
10,10,0.5,100,5,0.1,neuralmind/bert-base-portuguese-cased,0.4178495011535744,0.975,0.34758421778678894,0.5801445729801211
10,10,0.5,100,10,0.1,all-MiniLM-L6-v2,0.4773245849264542,0.8375,0.2554934024810791,0.5234393291358445
10,10,0.5,100,10,0.1,all-distilroberta-v1,0.5253974672073366,0.93,0.24296261370182037,0.566120026969719
10,10,0.5,100,10,0.1,paraphrase-MiniLM-L6-v2,0.5154166572995956,0.8125,0.37015724182128906,0.5660246330402949
10,10,0.5,100,10,0.1,neuralmind/bert-base-portuguese-cased,0.4806331994128281,0.88,0.48521170020103455,0.6152816332046208
10,10,0.5,100,100,0.1,all-MiniLM-L6-v2,0.5279393647119341,0.875,0.7263247966766357,0.7097547204628567
10,10,0.5,100,100,0.1,all-distilroberta-v1,0.4842094043937329,0.8,0.4903591573238373,0.5915228539058567
10,10,0.5,100,100,0.1,paraphrase-MiniLM-L6-v2,0.4637143316805611,0.7375,0.7356167435646057,0.6456103584150555
10,10,0.5,100,100,0.1,neuralmind/bert-base-portuguese-cased,0.4990093906780019,0.925,0.72361820936203,0.7158758666800106
10,10,0.5,150,5,0.1,all-MiniLM-L6-v2,0.4996657196662097,0.86,0.3863687813282013,0.5820115003314703
10,10,0.5,150,5,0.1,all-distilroberta-v1,0.5322149088386493,0.85,0.41582798957824707,0.5993476328056321
10,10,0.5,150,5,0.1,paraphrase-MiniLM-L6-v2,0.4010995523465947,0.8666666666666667,0.3672659397125244,0.5450107195752619
10,10,0.5,150,5,0.1,neuralmind/bert-base-portuguese-cased,0.4178495011535744,0.975,0.34758421778678894,0.5801445729801211
10,10,0.5,150,10,0.1,all-MiniLM-L6-v2,0.5095863553735119,0.8666666666666667,0.2986380159854889,0.5582970126752226
10,10,0.5,150,10,0.1,all-distilroberta-v1,0.5152547335781289,0.9,0.37168750166893005,0.5956474117490197
10,10,0.5,150,10,0.1,paraphrase-MiniLM-L6-v2,0.50716054007532,0.8333333333333334,0.42247408628463745,0.5876559865644303
10,10,0.5,150,10,0.1,neuralmind/bert-base-portuguese-cased,0.5466987814345515,0.8833333333333333,0.5149680972099304,0.6483334039926051
10,10,0.5,150,100,0.1,all-MiniLM-L6-v2,0.5279393647119341,0.875,0.7263247966766357,0.7097547204628567
10,10,0.5,150,100,0.1,all-distilroberta-v1,0.4288857473728746,0.875,0.5102335810661316,0.6047064428130021
10,10,0.5,150,100,0.1,paraphrase-MiniLM-L6-v2,0.43359712964084673,0.8,0.7570966482162476,0.6635645926190314
10,10,0.5,150,100,0.1,neuralmind/bert-base-portuguese-cased,0.4990093906780019,0.925,0.72361820936203,0.7158758666800106
20,5,0.0,50,5,0.1,all-MiniLM-L6-v2,0.47805412134758407,0.85,0.729282796382904,0.6857789725768294
20,5,0.0,50,5,0.1,all-distilroberta-v1,0.4445255481374113,0.9,0.22356589138507843,0.5226971465074967
20,5,0.0,50,5,0.1,paraphrase-MiniLM-L6-v2,0.39861868596851713,0.8,0.5695347785949707,0.5893844881878293
20,5,0.0,50,5,0.1,neuralmind/bert-base-portuguese-cased,0.5447563175125292,0.775,0.4594837427139282,0.5930800200754858
20,5,0.0,50,10,0.1,all-MiniLM-L6-v2,0.47805412134758407,0.85,0.729282796382904,0.6857789725768294
20,5,0.0,50,10,0.1,all-distilroberta-v1,0.5238506145150444,0.8708333333333333,-0.06867723912000656,0.4420022362427904
20,5,0.0,50,10,0.1,paraphrase-MiniLM-L6-v2,0.39861868596851713,0.8,0.5695347189903259,0.5893844683196144
20,5,0.0,50,10,0.1,neuralmind/bert-base-portuguese-cased,0.5704367720928022,0.7846153846153846,0.47356241941452026,0.6095381920409023
20,5,0.0,50,100,0.1,all-MiniLM-L6-v2,0.47189758904707596,0.85,0.7438402771949768,0.6885792887473509
20,5,0.0,50,100,0.1,all-distilroberta-v1,0.5937362800418285,0.8642857142857143,0.4266969561576843,0.6282396501617424
20,5,0.0,50,100,0.1,paraphrase-MiniLM-L6-v2,0.45160576344578746,0.875,0.8368015289306641,0.7211357641254837
20,5,0.0,50,100,0.1,neuralmind/bert-base-portuguese-cased,0.613845338398564,0.7875,0.23192638158798218,0.544423906662182
20,5,0.0,100,5,0.1,all-MiniLM-L6-v2,0.47805412134758407,0.85,0.7292826771736145,0.6857789328403996
20,5,0.0,100,5,0.1,all-distilroberta-v1,0.44357119636663295,0.875,0.6253712177276611,0.647980804698098
20,5,0.0,100,5,0.1,paraphrase-MiniLM-L6-v2,0.417940415446363,0.7,0.11508701741695404,0.41100914428777235
20,5,0.0,100,5,0.1,neuralmind/bert-base-portuguese-cased,0.536898395162385,0.8041666666666667,0.4955754578113556,0.6122135065468024
20,5,0.0,100,10,0.1,all-MiniLM-L6-v2,0.47805412134758407,0.85,0.729282796382904,0.6857789725768294
20,5,0.0,100,10,0.1,all-distilroberta-v1,0.5863128312879063,0.8357142857142857,0.3610617220401764,0.5943629463474561
20,5,0.0,100,10,0.1,paraphrase-MiniLM-L6-v2,0.4146042300940432,0.7166666666666667,0.10540109872817993,0.4122239984962966
20,5,0.0,100,10,0.1,neuralmind/bert-base-portuguese-cased,0.5837060819313986,0.815,0.4741348326206207,0.6242803048506731
20,5,0.0,100,100,0.1,all-MiniLM-L6-v2,0.47189758904707596,0.85,0.7438403367996216,0.6885793086155658
20,5,0.0,100,100,0.1,all-distilroberta-v1,0.5937362800418285,0.8642857142857143,0.4266969859600067,0.6282396600958499
20,5,0.0,100,100,0.1,paraphrase-MiniLM-L6-v2,0.45160576344578746,0.875,0.8368014693260193,0.7211357442572689
20,5,0.0,100,100,0.1,neuralmind/bert-base-portuguese-cased,0.6453702206508766,0.84,0.4744884967803955,0.6532862391437574
20,5,0.0,150,5,0.1,all-MiniLM-L6-v2,0.47805412134758407,0.85,0.729282796382904,0.6857789725768294
20,5,0.0,150,5,0.1,all-distilroberta-v1,0.44357119636663295,0.875,0.6253712177276611,0.647980804698098
20,5,0.0,150,5,0.1,paraphrase-MiniLM-L6-v2,0.417940415446363,0.7,0.11508703976869583,0.41100915173835295
20,5,0.0,150,5,0.1,neuralmind/bert-base-portuguese-cased,0.5565466897398583,0.8125,0.44507014751434326,0.6047056124180672
20,5,0.0,150,10,0.1,all-MiniLM-L6-v2,0.47805412134758407,0.85,0.729282796382904,0.6857789725768294
20,5,0.0,150,10,0.1,all-distilroberta-v1,0.5863128312879063,0.8357142857142857,0.36106178164482117,0.5943629662156711
20,5,0.0,150,10,0.1,paraphrase-MiniLM-L6-v2,0.4146042300940432,0.7166666666666667,0.10540108382701874,0.4122239935292429
20,5,0.0,150,10,0.1,neuralmind/bert-base-portuguese-cased,0.6025994217663037,0.85,0.23980340361595154,0.5641342751274184
20,5,0.0,150,100,0.1,all-MiniLM-L6-v2,0.47189758904707596,0.85,0.7438402771949768,0.6885792887473509
20,5,0.0,150,100,0.1,all-distilroberta-v1,0.5937362800418285,0.8642857142857143,0.4266969561576843,0.6282396501617424
20,5,0.0,150,100,0.1,paraphrase-MiniLM-L6-v2,0.45160576344578746,0.875,0.8368015289306641,0.7211357641254837
20,5,0.0,150,100,0.1,neuralmind/bert-base-portuguese-cased,0.6453702206508766,0.84,0.4744884967803955,0.6532862391437574
20,5,0.1,50,5,0.1,all-MiniLM-L6-v2,0.37100554911184225,0.975,0.3054017424583435,0.5504690971900619
20,5,0.1,50,5,0.1,all-distilroberta-v1,0.49624373511499076,0.89375,-0.035357341170310974,0.4515454646482266
20,5,0.1,50,5,0.1,paraphrase-MiniLM-L6-v2,0.39861868596851713,0.8,0.5320180654525757,0.5768789171403643
20,5,0.1,50,5,0.1,neuralmind/bert-base-portuguese-cased,0.5933773533303598,0.803125,0.5050411224365234,0.6338478252556278
20,5,0.1,50,10,0.1,all-MiniLM-L6-v2,0.48827421426171036,0.7928571428571428,0.3836559057235718,0.5549290876141416
20,5,0.1,50,10,0.1,all-distilroberta-v1,0.5287353036296888,0.815,0.25370675325393677,0.5324806856278751
20,5,0.1,50,10,0.1,paraphrase-MiniLM-L6-v2,0.39861868596851713,0.8,0.5320180654525757,0.5768789171403643
20,5,0.1,50,10,0.1,neuralmind/bert-base-portuguese-cased,0.5688539714174338,0.8166666666666667,0.4664819836616516,0.617334207248584
20,5,0.1,50,100,0.1,all-MiniLM-L6-v2,0.47954725329822345,0.85,0.6828412413597107,0.670796164885978
20,5,0.1,50,100,0.1,all-distilroberta-v1,0.587964508747025,0.8571428571428571,0.38117220997810364,0.6087598586226619
20,5,0.1,50,100,0.1,paraphrase-MiniLM-L6-v2,0.4187424892461233,0.75,0.14879965782165527,0.43918071568925954
20,5,0.1,50,100,0.1,neuralmind/bert-base-portuguese-cased,0.643794300394716,0.7285714285714285,0.6747674345970154,0.68237772118772
20,5,0.1,100,5,0.1,all-MiniLM-L6-v2,0.4936654312292803,0.725,0.42911145091056824,0.5492589607132828
20,5,0.1,100,5,0.1,all-distilroberta-v1,0.5706536317687942,0.7444444444444445,0.43430855870246887,0.5831355449719026
20,5,0.1,100,5,0.1,paraphrase-MiniLM-L6-v2,0.42482597878370376,0.75,-0.08698207139968872,0.3626146357946716
20,5,0.1,100,5,0.1,neuralmind/bert-base-portuguese-cased,0.5138319262413571,0.9,-0.052994560450315475,0.4536124552636805
20,5,0.1,100,10,0.1,all-MiniLM-L6-v2,0.49637792719866825,0.735,0.4540402591228485,0.5618060621071722
20,5,0.1,100,10,0.1,all-distilroberta-v1,0.578089873350432,0.8,0.416871041059494,0.5983203048033087
20,5,0.1,100,10,0.1,paraphrase-MiniLM-L6-v2,0.4237559662927446,0.75,0.11882074177265167,0.43085890268846544
20,5,0.1,100,10,0.1,neuralmind/bert-base-portuguese-cased,0.620446515379732,0.775,0.4997813403606415,0.6317426185801245
20,5,0.1,100,100,0.1,all-MiniLM-L6-v2,0.47954725329822345,0.85,0.6828412413597107,0.670796164885978
20,5,0.1,100,100,0.1,all-distilroberta-v1,0.5711346550362874,0.8083333333333333,0.4130987226963043,0.597522237021975
20,5,0.1,100,100,0.1,paraphrase-MiniLM-L6-v2,0.4187424892461233,0.75,0.14879965782165527,0.43918071568925954
20,5,0.1,100,100,0.1,neuralmind/bert-base-portuguese-cased,0.6627686662165223,0.84,0.5366412401199341,0.6798033021121522
20,5,0.1,150,5,0.1,all-MiniLM-L6-v2,0.5237854525343449,0.75,0.47098734974861145,0.5815909340943187
20,5,0.1,150,5,0.1,all-distilroberta-v1,0.4510028129487922,0.875,0.5615673065185547,0.6291900398224489
20,5,0.1,150,5,0.1,paraphrase-MiniLM-L6-v2,0.4658338366846228,0.7333333333333333,0.6628963947296143,0.6206878549158568
20,5,0.1,150,5,0.1,neuralmind/bert-base-portuguese-cased,0.5138319262413571,0.9,-0.052994560450315475,0.4536124552636805
20,5,0.1,150,10,0.1,all-MiniLM-L6-v2,0.5507223671295601,0.8071428571428572,0.48180365562438965,0.6132229599656024
20,5,0.1,150,10,0.1,all-distilroberta-v1,0.578089873350432,0.8,0.416871041059494,0.5983203048033087
20,5,0.1,150,10,0.1,paraphrase-MiniLM-L6-v2,0.44052637969680586,0.85,0.7705682516098022,0.6870315437688693
20,5,0.1,150,10,0.1,neuralmind/bert-base-portuguese-cased,0.5283795369550104,0.925,-0.06963905692100525,0.4612468266780017
20,5,0.1,150,100,0.1,all-MiniLM-L6-v2,0.47954725329822345,0.85,0.6828412413597107,0.670796164885978
20,5,0.1,150,100,0.1,all-distilroberta-v1,0.6014697174268472,0.83,0.42355334758758545,0.6183410216714775
20,5,0.1,150,100,0.1,paraphrase-MiniLM-L6-v2,0.4433586031686284,0.85,0.7862094044685364,0.693189335879055
20,5,0.1,150,100,0.1,neuralmind/bert-base-portuguese-cased,0.5222153927155041,0.925,0.027339428663253784,0.4915182737929193
20,5,0.5,50,5,0.1,all-MiniLM-L6-v2,0.4418405178207056,0.7916666666666666,0.4298096299171448,0.554438938134839
20,5,0.5,50,5,0.1,all-distilroberta-v1,0.5198441222825863,0.8363636363636363,0.22460800409317017,0.5269385875797976
20,5,0.5,50,5,0.1,paraphrase-MiniLM-L6-v2,0.3654089213111843,0.825,0.3328513205051422,0.5077534139387755
20,5,0.5,50,5,0.1,neuralmind/bert-base-portuguese-cased,0.550853590017029,0.81,0.2873897850513458,0.549414458356125
20,5,0.5,50,10,0.1,all-MiniLM-L6-v2,0.48129188850837423,0.815,0.3677752614021301,0.5546890499701681
20,5,0.5,50,10,0.1,all-distilroberta-v1,0.45713702142911367,0.9166666666666666,0.05150457099080086,0.47510275302886035
20,5,0.5,50,10,0.1,paraphrase-MiniLM-L6-v2,0.41062793513154205,0.8,0.3342571258544922,0.5149616869953447
20,5,0.5,50,10,0.1,neuralmind/bert-base-portuguese-cased,0.6052438101241391,0.78,0.39381787180900574,0.5930205606443816
20,5,0.5,50,100,0.1,all-MiniLM-L6-v2,0.5168423274239957,0.83,0.5785276889801025,0.6417900054680327
20,5,0.5,50,100,0.1,all-distilroberta-v1,0.5566026319228521,0.84,0.3787042796611786,0.5917689705280101
20,5,0.5,50,100,0.1,paraphrase-MiniLM-L6-v2,0.4533027909115257,0.825,0.6915177702903748,0.6566068537339668
20,5,0.5,50,100,0.1,neuralmind/bert-base-portuguese-cased,0.5715171546971529,0.875,0.596386730670929,0.6809679617893606
20,5,0.5,100,5,0.1,all-MiniLM-L6-v2,0.39801704505898805,0.825,0.08397214114665985,0.4356630620685493
20,5,0.5,100,5,0.1,all-distilroberta-v1,0.552643848246017,0.8111111111111111,0.32514938712120056,0.5629681154927763
20,5,0.5,100,5,0.1,paraphrase-MiniLM-L6-v2,0.49277588573879005,0.7083333333333334,0.3594917058944702,0.5202003083221979
20,5,0.5,100,5,0.1,neuralmind/bert-base-portuguese-cased,0.5574565970256377,0.8,0.3354828357696533,0.564313144265097
20,5,0.5,100,10,0.1,all-MiniLM-L6-v2,0.4784505998447705,0.7428571428571429,0.393503338098526,0.5382703602668132
20,5,0.5,100,10,0.1,all-distilroberta-v1,0.47461261744361893,0.875,0.3588351309299469,0.5694825827911886
20,5,0.5,100,10,0.1,paraphrase-MiniLM-L6-v2,0.49936456675053825,0.78,0.5190256237983704,0.5994633968496362
20,5,0.5,100,10,0.1,neuralmind/bert-base-portuguese-cased,0.5404283468724511,0.9,0.5021806955337524,0.6475363474687345
20,5,0.5,100,100,0.1,all-MiniLM-L6-v2,0.48405568368978025,0.85,0.4211900532245636,0.5850819123047812
20,5,0.5,100,100,0.1,all-distilroberta-v1,0.5406435121562632,0.8125,0.4344758689403534,0.5958731270322055
20,5,0.5,100,100,0.1,paraphrase-MiniLM-L6-v2,0.4533027909115257,0.825,0.6915177702903748,0.6566068537339668
20,5,0.5,100,100,0.1,neuralmind/bert-base-portuguese-cased,0.5033736375078074,0.95,0.7110125422477722,0.7214620599185265
20,5,0.5,150,5,0.1,all-MiniLM-L6-v2,0.4889858866437554,0.875,0.4082336127758026,0.5907398331398527
20,5,0.5,150,5,0.1,all-distilroberta-v1,0.5052593824825945,0.7416666666666667,0.12435930222272873,0.4570951171239967
20,5,0.5,150,5,0.1,paraphrase-MiniLM-L6-v2,0.5047995282007792,0.85,0.5314907431602478,0.628763423787009
20,5,0.5,150,5,0.1,neuralmind/bert-base-portuguese-cased,0.5069693646861321,0.9,0.2533363103866577,0.5534352250242632
20,5,0.5,150,10,0.1,all-MiniLM-L6-v2,0.5258699860090104,0.84,0.4326971471309662,0.5995223777133255
20,5,0.5,150,10,0.1,all-distilroberta-v1,0.47461261744361893,0.875,0.3588351905345917,0.5694826026594035
20,5,0.5,150,10,0.1,paraphrase-MiniLM-L6-v2,0.46542598274213814,0.7875,0.5785338878631592,0.6104866235350991
20,5,0.5,150,10,0.1,neuralmind/bert-base-portuguese-cased,0.5404283468724511,0.9,0.5021806955337524,0.6475363474687345
20,5,0.5,150,100,0.1,all-MiniLM-L6-v2,0.48405568368978025,0.85,0.4211900532245636,0.5850819123047812
20,5,0.5,150,100,0.1,all-distilroberta-v1,0.4713747215108636,0.7666666666666667,0.28673288226127625,0.5082580901462689
20,5,0.5,150,100,0.1,paraphrase-MiniLM-L6-v2,0.4533027909115257,0.825,0.6915177702903748,0.6566068537339668
20,5,0.5,150,100,0.1,neuralmind/bert-base-portuguese-cased,0.5033736375078074,0.95,0.7110125422477722,0.7214620599185265
20,10,0.0,50,5,0.1,all-MiniLM-L6-v2,0.47805412134758407,0.85,0.7348935604095459,0.6876492272523768
20,10,0.0,50,5,0.1,all-distilroberta-v1,0.435372441942483,0.9166666666666666,0.19920264184474945,0.517080583484633
20,10,0.0,50,5,0.1,paraphrase-MiniLM-L6-v2,0.39861868596851713,0.8,0.5545141696929932,0.5843776185538369
20,10,0.0,50,5,0.1,neuralmind/bert-base-portuguese-cased,0.5413208983741618,0.8058823529411765,0.4162604510784149,0.5878212341312511
20,10,0.0,50,10,0.1,all-MiniLM-L6-v2,0.47805412134758407,0.85,0.7348935008049011,0.6876492073841618
20,10,0.0,50,10,0.1,all-distilroberta-v1,0.5358255078543243,0.7933333333333333,0.4187127649784088,0.5826238687220221
20,10,0.0,50,10,0.1,paraphrase-MiniLM-L6-v2,0.39861868596851713,0.8,0.5545141696929932,0.5843776185538369
20,10,0.0,50,10,0.1,neuralmind/bert-base-portuguese-cased,0.5465555281063972,0.8041666666666667,0.44139912724494934,0.5973737740060044
20,10,0.0,50,100,0.1,all-MiniLM-L6-v2,0.47189758904707596,0.85,0.7494628429412842,0.6904534773294534
20,10,0.0,50,100,0.1,all-distilroberta-v1,0.5933287974767508,0.8642857142857143,0.45000696182250977,0.635873824528325
20,10,0.0,50,100,0.1,paraphrase-MiniLM-L6-v2,0.45160576344578746,0.875,0.8468214869499207,0.7244757501319027
20,10,0.0,50,100,0.1,neuralmind/bert-base-portuguese-cased,0.6115599986681809,0.7875,0.259095162153244,0.5527183869404749
20,10,0.0,100,5,0.1,all-MiniLM-L6-v2,0.47805412134758407,0.85,0.7348935008049011,0.6876492073841618
20,10,0.0,100,5,0.1,all-distilroberta-v1,0.44597988993737253,0.875,0.6100820302963257,0.6436873067445661
20,10,0.0,100,5,0.1,paraphrase-MiniLM-L6-v2,0.4228822644499255,0.6833333333333333,0.12017149478197098,0.4087956975217433
20,10,0.0,100,5,0.1,neuralmind/bert-base-portuguese-cased,0.5600492828799772,0.815,0.12263479828834534,0.4992280270561075
20,10,0.0,100,10,0.1,all-MiniLM-L6-v2,0.47805412134758407,0.85,0.7348935008049011,0.6876492073841618
20,10,0.0,100,10,0.1,all-distilroberta-v1,0.592733626577236,0.75,0.478161484003067,0.6069650368601011
20,10,0.0,100,10,0.1,paraphrase-MiniLM-L6-v2,0.4200966411531044,0.7,0.12485101073980331,0.4149825506309692
20,10,0.0,100,10,0.1,neuralmind/bert-base-portuguese-cased,0.5883838102030361,0.8166666666666667,0.20570607483386993,0.5369188505678576
20,10,0.0,100,100,0.1,all-MiniLM-L6-v2,0.47189758904707596,0.85,0.7494628429412842,0.6904534773294534
20,10,0.0,100,100,0.1,all-distilroberta-v1,0.5933287974767508,0.8642857142857143,0.45000696182250977,0.635873824528325
20,10,0.0,100,100,0.1,paraphrase-MiniLM-L6-v2,0.45160576344578746,0.875,0.8468214273452759,0.7244757302636877
20,10,0.0,100,100,0.1,neuralmind/bert-base-portuguese-cased,0.6471467657801458,0.83,0.49515122175216675,0.6574326625107708
20,10,0.0,150,5,0.1,all-MiniLM-L6-v2,0.47805412134758407,0.85,0.7348935008049011,0.6876492073841618
20,10,0.0,150,5,0.1,all-distilroberta-v1,0.44597988993737253,0.875,0.6100819706916809,0.6436872868763511
20,10,0.0,150,5,0.1,paraphrase-MiniLM-L6-v2,0.4228822644499255,0.6833333333333333,0.12017149478197098,0.4087956975217433
20,10,0.0,150,5,0.1,neuralmind/bert-base-portuguese-cased,0.5550618802472627,0.7833333333333333,0.17987795174121857,0.5060910551072716
20,10,0.0,150,10,0.1,all-MiniLM-L6-v2,0.47805412134758407,0.85,0.7348935008049011,0.6876492073841618
20,10,0.0,150,10,0.1,all-distilroberta-v1,0.44279730389278227,0.875,0.6055139899253845,0.6411037646060556
20,10,0.0,150,10,0.1,paraphrase-MiniLM-L6-v2,0.4200966411531044,0.7,0.12485101819038391,0.4149825531144961
20,10,0.0,150,10,0.1,neuralmind/bert-base-portuguese-cased,0.5666658812129414,0.825,0.2090975046157837,0.5335877952762417
20,10,0.0,150,100,0.1,all-MiniLM-L6-v2,0.47189758904707596,0.85,0.7494628429412842,0.6904534773294534
20,10,0.0,150,100,0.1,all-distilroberta-v1,0.5933287974767508,0.8642857142857143,0.45000699162483215,0.6358738344624325
20,10,0.0,150,100,0.1,paraphrase-MiniLM-L6-v2,0.45160576344578746,0.875,0.8468216061592102,0.7244757898683325
20,10,0.0,150,100,0.1,neuralmind/bert-base-portuguese-cased,0.6471467657801458,0.83,0.4951512813568115,0.6574326823789858
20,10,0.1,50,5,0.1,all-MiniLM-L6-v2,0.5097318130607303,0.790625,0.428219735622406,0.5761921828943788
20,10,0.1,50,5,0.1,all-distilroberta-v1,0.4884196801989034,0.78,0.47133710980415344,0.5799189300010189
20,10,0.1,50,5,0.1,paraphrase-MiniLM-L6-v2,0.3689796862712823,0.8,0.5123111009597778,0.5604302624103533
20,10,0.1,50,5,0.1,neuralmind/bert-base-portuguese-cased,0.5508595088031218,0.8863636363636364,0.3945911228656769,0.6106047560108117
20,10,0.1,50,10,0.1,all-MiniLM-L6-v2,0.4928239655120047,0.7961538461538461,0.5371125936508179,0.6086968017722229
20,10,0.1,50,10,0.1,all-distilroberta-v1,0.5034186629624309,0.7791666666666667,0.430248498916626,0.5709446095152412
20,10,0.1,50,10,0.1,paraphrase-MiniLM-L6-v2,0.3689796862712823,0.8,0.5123111009597778,0.5604302624103533
20,10,0.1,50,10,0.1,neuralmind/bert-base-portuguese-cased,0.5764873872476554,0.7791666666666667,0.4528075158596039,0.6028205232579753
20,10,0.1,50,100,0.1,all-MiniLM-L6-v2,0.47189758904707596,0.85,0.6955245733261108,0.6724740541243955
20,10,0.1,50,100,0.1,all-distilroberta-v1,0.5863074994625134,0.8642857142857143,0.4217868149280548,0.6241266762254275
20,10,0.1,50,100,0.1,paraphrase-MiniLM-L6-v2,0.44316463149417645,0.7666666666666667,0.1541580855846405,0.4546631279151612
20,10,0.1,50,100,0.1,neuralmind/bert-base-portuguese-cased,0.6419322788807261,0.75,0.42821818590164185,0.6067168215941227
20,10,0.1,100,5,0.1,all-MiniLM-L6-v2,0.5227208253369534,0.7333333333333333,0.45872169733047485,0.5715919520002538
20,10,0.1,100,5,0.1,all-distilroberta-v1,0.5613084283493074,0.8666666666666667,0.2156209945678711,0.5478653631946151
20,10,0.1,100,5,0.1,paraphrase-MiniLM-L6-v2,0.44746189019802673,0.725,-0.10994239896535873,0.35417316374422264
20,10,0.1,100,5,0.1,neuralmind/bert-base-portuguese-cased,0.5750116686635269,0.8875,0.4215850830078125,0.6280322505571131
20,10,0.1,100,10,0.1,all-MiniLM-L6-v2,0.5047184654250981,0.74,0.5584052801132202,0.6010412485127729
20,10,0.1,100,10,0.1,all-distilroberta-v1,0.570321516770092,0.7611111111111111,0.4742529094219208,0.6018951791010413
20,10,0.1,100,10,0.1,paraphrase-MiniLM-L6-v2,0.48469311553866223,0.65,0.6997427344322205,0.6114786166569609
20,10,0.1,100,10,0.1,neuralmind/bert-base-portuguese-cased,0.6109555990509808,0.8785714285714286,0.4820346236228943,0.657187217081768
20,10,0.1,100,100,0.1,all-MiniLM-L6-v2,0.47189758904707596,0.85,0.6955245733261108,0.6724740541243955
20,10,0.1,100,100,0.1,all-distilroberta-v1,0.5662196098453226,0.8083333333333333,0.44586580991744995,0.6068062510320353
20,10,0.1,100,100,0.1,paraphrase-MiniLM-L6-v2,0.44316463149417645,0.7666666666666667,0.1541580855846405,0.4546631279151612
20,10,0.1,100,100,0.1,neuralmind/bert-base-portuguese-cased,0.6411530741820286,0.9375,0.5241366028785706,0.7009298923535331
20,10,0.1,150,5,0.1,all-MiniLM-L6-v2,0.548143019110831,0.8166666666666667,0.4656052589416504,0.6101383149063827
20,10,0.1,150,5,0.1,all-distilroberta-v1,0.5707757562680922,0.7555555555555555,0.44152316451072693,0.5892848254447915
20,10,0.1,150,5,0.1,paraphrase-MiniLM-L6-v2,0.432321376454429,0.8,0.7055049538612366,0.6459421101052218
20,10,0.1,150,5,0.1,neuralmind/bert-base-portuguese-cased,0.5791522199940166,0.8642857142857143,0.4431803822517395,0.6288727721771568
20,10,0.1,150,10,0.1,all-MiniLM-L6-v2,0.5203051310000503,0.7714285714285715,0.47724148631095886,0.5896583962465268
20,10,0.1,150,10,0.1,all-distilroberta-v1,0.570321516770092,0.7611111111111111,0.4742529094219208,0.6018951791010413
20,10,0.1,150,10,0.1,paraphrase-MiniLM-L6-v2,0.47984833436698743,0.7166666666666667,0.7050298452377319,0.633848282090462
20,10,0.1,150,10,0.1,neuralmind/bert-base-portuguese-cased,0.5619139122116867,0.94,0.3375433087348938,0.6131524069821935
20,10,0.1,150,100,0.1,all-MiniLM-L6-v2,0.47189758904707596,0.85,0.6955245733261108,0.6724740541243955
20,10,0.1,150,100,0.1,all-distilroberta-v1,0.5904119373718768,0.84,0.4532437324523926,0.6278852232747565
20,10,0.1,150,100,0.1,paraphrase-MiniLM-L6-v2,0.4501243276663859,0.85,0.7841894030570984,0.6947712435744947
20,10,0.1,150,100,0.1,neuralmind/bert-base-portuguese-cased,0.5732904931939408,0.9666666666666667,0.6856018304824829,0.7418529967810302
20,10,0.5,50,5,0.1,all-MiniLM-L6-v2,0.49911676930863913,0.8083333333333333,0.5387512445449829,0.6154004490623185
20,10,0.5,50,5,0.1,all-distilroberta-v1,0.47937630251827706,0.9,0.2810879945755005,0.5534880990312592
20,10,0.5,50,5,0.1,paraphrase-MiniLM-L6-v2,0.4086944110130757,0.8,0.3691655695438385,0.5259533268523048
20,10,0.5,50,5,0.1,neuralmind/bert-base-portuguese-cased,0.4938930902057954,0.8944444444444445,0.35866519808769226,0.5823342442459775
20,10,0.5,50,10,0.1,all-MiniLM-L6-v2,0.45322532628817147,0.88,0.5294402241706848,0.6208885168196188
20,10,0.5,50,10,0.1,all-distilroberta-v1,0.5474050303349205,0.8545454545454545,0.5259265899658203,0.6426256916153984
20,10,0.5,50,10,0.1,paraphrase-MiniLM-L6-v2,0.43289762786428043,0.775,0.37026575207710266,0.5260544599804611
20,10,0.5,50,10,0.1,neuralmind/bert-base-portuguese-cased,0.5320458022861265,0.9,0.3139643669128418,0.5820033897329894
20,10,0.5,50,100,0.1,all-MiniLM-L6-v2,0.5594414672766421,0.86,0.7346042394638062,0.7180152355801495
20,10,0.5,50,100,0.1,all-distilroberta-v1,0.5561591103622985,0.85,0.4630983769893646,0.6230858291172211
20,10,0.5,50,100,0.1,paraphrase-MiniLM-L6-v2,0.4782468961707784,0.85,0.6190595626831055,0.6491021529512947
20,10,0.5,50,100,0.1,neuralmind/bert-base-portuguese-cased,0.5398760280417054,0.95,-0.05498599633574486,0.47829667723532016
20,10,0.5,100,5,0.1,all-MiniLM-L6-v2,0.5246435862569809,0.82,0.5831483006477356,0.6425972956349054
20,10,0.5,100,5,0.1,all-distilroberta-v1,0.47937630251827706,0.9,0.2810879945755005,0.5534880990312592
20,10,0.5,100,5,0.1,paraphrase-MiniLM-L6-v2,0.44753183081966214,0.9,0.4228499233722687,0.5901272513973103
20,10,0.5,100,5,0.1,neuralmind/bert-base-portuguese-cased,0.5518310458233805,0.8916666666666667,0.4844970703125,0.642664927600849
20,10,0.5,100,10,0.1,all-MiniLM-L6-v2,0.4940490976404334,0.8214285714285714,0.5365902185440063,0.6173559625376704
20,10,0.5,100,10,0.1,all-distilroberta-v1,0.49389766051697986,0.9,0.26611506938934326,0.553337576635441
20,10,0.5,100,10,0.1,paraphrase-MiniLM-L6-v2,0.46225081672149104,0.85,0.4816993772983551,0.5979833980066154
20,10,0.5,100,10,0.1,neuralmind/bert-base-portuguese-cased,0.4714830211652465,0.9,0.5014447569847107,0.624309259383319
20,10,0.5,100,100,0.1,all-MiniLM-L6-v2,0.4822616198568033,0.9,0.517574667930603,0.6332787625958022
20,10,0.5,100,100,0.1,all-distilroberta-v1,0.5561591103622985,0.85,0.46309831738471985,0.6230858092490061
20,10,0.5,100,100,0.1,paraphrase-MiniLM-L6-v2,0.4782468961707784,0.85,0.6190595626831055,0.6491021529512947
20,10,0.5,100,100,0.1,neuralmind/bert-base-portuguese-cased,0.6158159355503454,0.8875,0.8202499151229858,0.7745219502244437
20,10,0.5,150,5,0.1,all-MiniLM-L6-v2,0.5115735380690533,0.8333333333333334,0.5204117894172668,0.6217728869398845
20,10,0.5,150,5,0.1,all-distilroberta-v1,0.47937630251827706,0.9,0.2810879945755005,0.5534880990312592
20,10,0.5,150,5,0.1,paraphrase-MiniLM-L6-v2,0.4544160959638456,0.875,0.46506357192993164,0.5981598892979257
20,10,0.5,150,5,0.1,neuralmind/bert-base-portuguese-cased,0.564221227970842,0.9166666666666666,0.5241336226463318,0.6683405057612801
20,10,0.5,150,10,0.1,all-MiniLM-L6-v2,0.5354949764442061,0.84,0.5493196249008179,0.641604867115008
20,10,0.5,150,10,0.1,all-distilroberta-v1,0.49389766051697986,0.9,0.26611506938934326,0.553337576635441
20,10,0.5,150,10,0.1,paraphrase-MiniLM-L6-v2,0.46225081672149104,0.85,0.4816993772983551,0.5979833980066154
20,10,0.5,150,10,0.1,neuralmind/bert-base-portuguese-cased,0.5298572943326155,0.8833333333333333,0.5251704454421997,0.6461203577027161
20,10,0.5,150,100,0.1,all-MiniLM-L6-v2,0.4822616198568033,0.9,0.517574667930603,0.6332787625958022
20,10,0.5,150,100,0.1,all-distilroberta-v1,0.4825146947834644,0.7666666666666667,0.48143288493156433,0.5768714154605652
20,10,0.5,150,100,0.1,paraphrase-MiniLM-L6-v2,0.4782468961707784,0.85,0.6190595626831055,0.6491021529512947
20,10,0.5,150,100,0.1,neuralmind/bert-base-portuguese-cased,0.5331491722817466,0.975,0.6986254453659058,0.7355915392158842
