n_neighbors,n_components,min_dist,min_cluster_size,min_samples,cluster_eps,embedding_model,coherence,diversity,silhouette
10,5,0.0,50,5,0.1,all-MiniLM-L6-v2,0.46673865060762854,0.85,0.5734119415283203
10,5,0.0,50,5,0.1,all-distilroberta-v1,0.47674778019046665,0.8857142857142857,0.2878313958644867
10,5,0.0,50,5,0.1,paraphrase-MiniLM-L6-v2,0.4585807107236507,0.7304347826086957,0.7101621627807617
10,5,0.0,50,5,0.1,neuralmind/bert-base-portuguese-cased,0.5259712516927495,0.8027777777777778,0.42362818121910095
10,5,0.0,50,10,0.1,all-MiniLM-L6-v2,0.46673865060762865,0.85,0.5731171369552612
10,5,0.0,50,10,0.1,all-distilroberta-v1,0.486906223430267,0.9,0.4276323616504669
10,5,0.0,50,10,0.1,paraphrase-MiniLM-L6-v2,0.4127067637271583,0.65,-0.03833179548382759
10,5,0.0,50,10,0.1,neuralmind/bert-base-portuguese-cased,0.5691158174429806,0.8033333333333333,0.5462439060211182
10,5,0.0,50,100,0.1,all-MiniLM-L6-v2,0.4564150829807424,0.825,0.5827500224113464
10,5,0.0,50,100,0.1,all-distilroberta-v1,0.5804050288196237,0.8642857142857143,0.6559433341026306
10,5,0.0,50,100,0.1,paraphrase-MiniLM-L6-v2,0.46642920213474026,0.875,0.6722325682640076
10,5,0.0,50,100,0.1,neuralmind/bert-base-portuguese-cased,0.6356182691572374,0.8,0.4457094669342041
10,5,0.0,100,5,0.1,all-MiniLM-L6-v2,0.46673865060762854,0.85,0.5734119415283203
10,5,0.0,100,5,0.1,all-distilroberta-v1,0.5392487305912882,0.8444444444444444,0.5496311783790588
10,5,0.0,100,5,0.1,paraphrase-MiniLM-L6-v2,0.4385771944519403,0.925,0.6684725284576416
10,5,0.0,100,5,0.1,neuralmind/bert-base-portuguese-cased,0.44338788874478796,1.0,-0.1052589938044548
10,5,0.0,100,10,0.1,all-MiniLM-L6-v2,0.46673865060762865,0.85,0.5731171369552612
10,5,0.0,100,10,0.1,all-distilroberta-v1,0.5169582996229769,0.8625,0.571924090385437
10,5,0.0,100,10,0.1,paraphrase-MiniLM-L6-v2,0.42281997663142845,0.9,0.6679956912994385
10,5,0.0,100,10,0.1,neuralmind/bert-base-portuguese-cased,0.5860272089037573,0.7583333333333333,0.5941015481948853
10,5,0.0,100,100,0.1,all-MiniLM-L6-v2,0.4564150829807424,0.825,0.5827500224113464
10,5,0.0,100,100,0.1,all-distilroberta-v1,0.5804050288196237,0.8642857142857143,0.6559433341026306
10,5,0.0,100,100,0.1,paraphrase-MiniLM-L6-v2,0.46642920213474026,0.875,0.6722325682640076
10,5,0.0,100,100,0.1,neuralmind/bert-base-portuguese-cased,0.6554204813191458,0.8416666666666667,0.46541279554367065
10,5,0.0,150,5,0.1,all-MiniLM-L6-v2,0.46673865060762854,0.85,0.5734119415283203
10,5,0.0,150,5,0.1,all-distilroberta-v1,0.5521794295261622,0.8214285714285714,0.5455273985862732
10,5,0.0,150,5,0.1,paraphrase-MiniLM-L6-v2,0.4385771944519403,0.925,0.6684725284576416
10,5,0.0,150,5,0.1,neuralmind/bert-base-portuguese-cased,0.44338788874478796,1.0,-0.1052589938044548
10,5,0.0,150,10,0.1,all-MiniLM-L6-v2,0.46673865060762865,0.85,0.5731171369552612
10,5,0.0,150,10,0.1,all-distilroberta-v1,0.5489923437147993,0.8357142857142857,0.5698259472846985
10,5,0.0,150,10,0.1,paraphrase-MiniLM-L6-v2,0.42281997663142845,0.9,0.6679956912994385
10,5,0.0,150,10,0.1,neuralmind/bert-base-portuguese-cased,0.6109327696425555,0.7111111111111111,0.6135857701301575
10,5,0.0,150,100,0.1,all-MiniLM-L6-v2,0.4564150829807424,0.825,0.5827500224113464
10,5,0.0,150,100,0.1,all-distilroberta-v1,0.4436303703331396,0.725,0.7220777273178101
10,5,0.0,150,100,0.1,paraphrase-MiniLM-L6-v2,0.46642920213474026,0.875,0.6722325682640076
10,5,0.0,150,100,0.1,neuralmind/bert-base-portuguese-cased,0.6193414447466374,0.9375,0.39575645327568054
10,5,0.1,50,5,0.1,all-MiniLM-L6-v2,0.45085010693459915,0.775,0.5820152759552002
10,5,0.1,50,5,0.1,all-distilroberta-v1,0.4054339422369003,0.925,0.056953247636556625
10,5,0.1,50,5,0.1,paraphrase-MiniLM-L6-v2,0.38581704497504066,0.8,0.5795226097106934
10,5,0.1,50,5,0.1,neuralmind/bert-base-portuguese-cased,0.5594408065162593,0.7947368421052632,0.504338800907135
10,5,0.1,50,10,0.1,all-MiniLM-L6-v2,0.4742310801101869,0.825,0.5836638808250427
10,5,0.1,50,10,0.1,all-distilroberta-v1,0.4054339422369003,0.925,0.056953247636556625
10,5,0.1,50,10,0.1,paraphrase-MiniLM-L6-v2,0.38581704497504066,0.8,0.5795226097106934
10,5,0.1,50,10,0.1,neuralmind/bert-base-portuguese-cased,0.5814146890802748,0.8045454545454546,0.5053017735481262
10,5,0.1,50,100,0.1,all-MiniLM-L6-v2,0.46374258549899067,0.825,0.597725510597229
10,5,0.1,50,100,0.1,all-distilroberta-v1,0.6078755268171069,0.8642857142857143,0.6099631786346436
10,5,0.1,50,100,0.1,paraphrase-MiniLM-L6-v2,0.4708703201592922,0.8,0.647072434425354
10,5,0.1,50,100,0.1,neuralmind/bert-base-portuguese-cased,0.6363007382433709,0.7857142857142857,0.46026989817619324
10,5,0.1,100,5,0.1,all-MiniLM-L6-v2,0.46072053373603417,0.6888888888888889,0.46816280484199524
10,5,0.1,100,5,0.1,all-distilroberta-v1,0.4922572234229375,0.8875,0.4980972707271576
10,5,0.1,100,5,0.1,paraphrase-MiniLM-L6-v2,0.4264989552871023,0.6272727272727273,0.5874614119529724
10,5,0.1,100,5,0.1,neuralmind/bert-base-portuguese-cased,0.5650489105807172,0.7636363636363637,0.6226137280464172
10,5,0.1,100,10,0.1,all-MiniLM-L6-v2,0.4742310801101869,0.825,0.5836638808250427
10,5,0.1,100,10,0.1,all-distilroberta-v1,0.5354316060193519,0.8571428571428571,0.5153765082359314
10,5,0.1,100,10,0.1,paraphrase-MiniLM-L6-v2,0.4547387525476642,0.645,0.5754137635231018
10,5,0.1,100,10,0.1,neuralmind/bert-base-portuguese-cased,0.5806489256337948,0.81,0.5113534927368164
10,5,0.1,100,100,0.1,all-MiniLM-L6-v2,0.46374258549899067,0.825,0.597725510597229
10,5,0.1,100,100,0.1,all-distilroberta-v1,0.5995867127475037,0.825,0.6074269413948059
10,5,0.1,100,100,0.1,paraphrase-MiniLM-L6-v2,0.49033470726362277,0.7333333333333333,0.05300208181142807
10,5,0.1,100,100,0.1,neuralmind/bert-base-portuguese-cased,0.6363709913053871,0.9375,0.3991313874721527
10,5,0.1,150,5,0.1,all-MiniLM-L6-v2,0.45085010693459915,0.775,0.5820152759552002
10,5,0.1,150,5,0.1,all-distilroberta-v1,0.5390734537285685,0.8571428571428571,0.4904293119907379
10,5,0.1,150,5,0.1,paraphrase-MiniLM-L6-v2,0.42390504271111124,0.65625,0.5795184969902039
10,5,0.1,150,5,0.1,neuralmind/bert-base-portuguese-cased,0.5938431984809649,0.74375,0.6331830024719238
10,5,0.1,150,10,0.1,all-MiniLM-L6-v2,0.4742310801101869,0.825,0.5836638808250427
10,5,0.1,150,10,0.1,all-distilroberta-v1,0.5354316060193519,0.8571428571428571,0.5153765082359314
10,5,0.1,150,10,0.1,paraphrase-MiniLM-L6-v2,0.48974432609869173,0.7,0.6733124256134033
10,5,0.1,150,10,0.1,neuralmind/bert-base-portuguese-cased,0.6108734780248769,0.7857142857142857,0.5339834094047546
10,5,0.1,150,100,0.1,all-MiniLM-L6-v2,0.46374258549899067,0.825,0.597725510597229
10,5,0.1,150,100,0.1,all-distilroberta-v1,0.6043562230870807,0.83,0.6154832243919373
10,5,0.1,150,100,0.1,paraphrase-MiniLM-L6-v2,0.4708703201592922,0.8,0.647072434425354
10,5,0.1,150,100,0.1,neuralmind/bert-base-portuguese-cased,0.5712582748369527,0.95,0.6054020524024963
10,5,0.5,50,5,0.1,all-MiniLM-L6-v2,0.38891695215443745,0.8136363636363636,0.1304350644350052
10,5,0.5,50,5,0.1,all-distilroberta-v1,0.5120169829641823,0.87,0.18953077495098114
10,5,0.5,50,5,0.1,paraphrase-MiniLM-L6-v2,0.36516372910066297,0.775,0.41323864459991455
10,5,0.5,50,5,0.1,neuralmind/bert-base-portuguese-cased,0.47517963900926274,0.925,-0.22236397862434387
10,5,0.5,50,10,0.1,all-MiniLM-L6-v2,0.3947592166964779,0.75,-0.36124366521835327
10,5,0.5,50,10,0.1,all-distilroberta-v1,0.5002665396043092,0.9,0.11538038402795792
10,5,0.5,50,10,0.1,paraphrase-MiniLM-L6-v2,0.38792886874779214,0.8,0.4191342890262604
10,5,0.5,50,10,0.1,neuralmind/bert-base-portuguese-cased,0.4194646818291186,0.95,-0.027380259707570076
10,5,0.5,50,100,0.1,all-MiniLM-L6-v2,0.4933406805626358,0.875,0.5024393796920776
10,5,0.5,50,100,0.1,all-distilroberta-v1,0.5616155335474649,0.82,0.5743563771247864
10,5,0.5,50,100,0.1,paraphrase-MiniLM-L6-v2,0.4506457673703085,0.875,0.4524456858634949
10,5,0.5,50,100,0.1,neuralmind/bert-base-portuguese-cased,0.5135843600776806,0.95,0.6927226185798645
10,5,0.5,100,5,0.1,all-MiniLM-L6-v2,0.3921807142176234,0.7666666666666667,0.31001099944114685
10,5,0.5,100,5,0.1,all-distilroberta-v1,0.5120169829641823,0.87,0.18953077495098114
10,5,0.5,100,5,0.1,paraphrase-MiniLM-L6-v2,0.4646627858418193,0.7416666666666667,0.53200364112854
10,5,0.5,100,5,0.1,neuralmind/bert-base-portuguese-cased,0.5748826111172505,0.77,0.3508550822734833
10,5,0.5,100,10,0.1,all-MiniLM-L6-v2,0.3531408518233083,0.825,-0.06036371365189552
10,5,0.5,100,10,0.1,all-distilroberta-v1,0.5225921934415461,0.88,0.21740981936454773
10,5,0.5,100,10,0.1,paraphrase-MiniLM-L6-v2,0.4800968481011245,0.78,0.48601973056793213
10,5,0.5,100,10,0.1,neuralmind/bert-base-portuguese-cased,0.5658257389222761,0.85,0.28244873881340027
10,5,0.5,100,100,0.1,all-MiniLM-L6-v2,0.4933406805626358,0.875,0.5024393796920776
10,5,0.5,100,100,0.1,all-distilroberta-v1,0.5338270176785304,0.8,0.6096300482749939
10,5,0.5,100,100,0.1,paraphrase-MiniLM-L6-v2,0.4506457673703085,0.875,0.4524456858634949
10,5,0.5,100,100,0.1,neuralmind/bert-base-portuguese-cased,0.5135843600776806,0.95,0.6927226185798645
10,5,0.5,150,5,0.1,all-MiniLM-L6-v2,0.46874015145727393,0.8125,0.40798133611679077
10,5,0.5,150,5,0.1,all-distilroberta-v1,0.46004586518013746,0.8625,0.20127949118614197
10,5,0.5,150,5,0.1,paraphrase-MiniLM-L6-v2,0.4433432123353924,0.75,0.5998518466949463
10,5,0.5,150,5,0.1,neuralmind/bert-base-portuguese-cased,0.5612745641581192,0.8125,0.29585227370262146
10,5,0.5,150,10,0.1,all-MiniLM-L6-v2,0.5000891470661563,0.7583333333333333,0.592844545841217
10,5,0.5,150,10,0.1,all-distilroberta-v1,0.4856667197457471,0.8666666666666667,0.31221890449523926
10,5,0.5,150,10,0.1,paraphrase-MiniLM-L6-v2,0.46710356086836596,0.7875,0.5375562310218811
10,5,0.5,150,10,0.1,neuralmind/bert-base-portuguese-cased,0.5404355141142239,0.8666666666666667,0.44535166025161743
10,5,0.5,150,100,0.1,all-MiniLM-L6-v2,0.4933406805626358,0.875,0.5024393796920776
10,5,0.5,150,100,0.1,all-distilroberta-v1,0.5338270176785304,0.8,0.6096300482749939
10,5,0.5,150,100,0.1,paraphrase-MiniLM-L6-v2,0.4506457673703085,0.875,0.4524456858634949
10,5,0.5,150,100,0.1,neuralmind/bert-base-portuguese-cased,0.5135843600776806,0.95,0.6927226185798645
10,10,0.0,50,5,0.1,all-MiniLM-L6-v2,0.4737453563528392,0.85,0.6039548516273499
10,10,0.0,50,5,0.1,all-distilroberta-v1,0.42645392897268397,0.925,-0.02394738234579563
10,10,0.0,50,5,0.1,paraphrase-MiniLM-L6-v2,0.39956582295688753,0.64,-0.018442751839756966
10,10,0.0,50,5,0.1,neuralmind/bert-base-portuguese-cased,0.571356581061453,0.7777777777777778,0.4597315788269043
10,10,0.0,50,10,0.1,all-MiniLM-L6-v2,0.46673865060762865,0.85,0.6043245196342468
10,10,0.0,50,10,0.1,all-distilroberta-v1,0.42645392897268397,0.925,-0.02394738234579563
10,10,0.0,50,10,0.1,paraphrase-MiniLM-L6-v2,0.4127067637271583,0.65,-0.021325785666704178
10,10,0.0,50,10,0.1,neuralmind/bert-base-portuguese-cased,0.5488289803426675,0.809375,0.5823949575424194
10,10,0.0,50,100,0.1,all-MiniLM-L6-v2,0.4490013987549422,0.8,0.6093557476997375
10,10,0.0,50,100,0.1,all-distilroberta-v1,0.576802853786999,0.8428571428571429,0.6645751595497131
10,10,0.0,50,100,0.1,paraphrase-MiniLM-L6-v2,0.4520688366984381,0.85,0.673985481262207
10,10,0.0,50,100,0.1,neuralmind/bert-base-portuguese-cased,0.6270174509859484,0.78125,0.36563828587532043
10,10,0.0,100,5,0.1,all-MiniLM-L6-v2,0.4737453563528392,0.85,0.6039548516273499
10,10,0.0,100,5,0.1,all-distilroberta-v1,0.5166142000029261,0.865,0.546328604221344
10,10,0.0,100,5,0.1,paraphrase-MiniLM-L6-v2,0.4385771944519403,0.925,0.6725552082061768
10,10,0.0,100,5,0.1,neuralmind/bert-base-portuguese-cased,0.5944545345763764,0.75,0.49390318989753723
10,10,0.0,100,10,0.1,all-MiniLM-L6-v2,0.46673865060762865,0.85,0.6043245196342468
10,10,0.0,100,10,0.1,all-distilroberta-v1,0.5345679937522556,0.8375,0.5904672145843506
10,10,0.0,100,10,0.1,paraphrase-MiniLM-L6-v2,0.46642920213474026,0.875,0.6722320914268494
10,10,0.0,100,10,0.1,neuralmind/bert-base-portuguese-cased,0.5761898702116061,0.7769230769230769,0.6093859672546387
10,10,0.0,100,100,0.1,all-MiniLM-L6-v2,0.4490013987549422,0.8,0.6093557476997375
10,10,0.0,100,100,0.1,all-distilroberta-v1,0.576802853786999,0.8428571428571429,0.6645751595497131
10,10,0.0,100,100,0.1,paraphrase-MiniLM-L6-v2,0.4520688366984381,0.85,0.673985481262207
10,10,0.0,100,100,0.1,neuralmind/bert-base-portuguese-cased,0.6132829960078294,0.85,0.6284267902374268
10,10,0.0,150,5,0.1,all-MiniLM-L6-v2,0.4737453563528392,0.85,0.6039548516273499
10,10,0.0,150,5,0.1,all-distilroberta-v1,0.5587187674668517,0.8333333333333334,0.5865521430969238
10,10,0.0,150,5,0.1,paraphrase-MiniLM-L6-v2,0.4385771944519403,0.925,0.6725552082061768
10,10,0.0,150,5,0.1,neuralmind/bert-base-portuguese-cased,0.467022782793149,0.9333333333333333,0.27985358238220215
10,10,0.0,150,10,0.1,all-MiniLM-L6-v2,0.46673865060762865,0.85,0.6043245196342468
10,10,0.0,150,10,0.1,all-distilroberta-v1,0.5185655869314671,0.8083333333333333,0.5403679609298706
10,10,0.0,150,10,0.1,paraphrase-MiniLM-L6-v2,0.46642920213474026,0.875,0.6722320914268494
10,10,0.0,150,10,0.1,neuralmind/bert-base-portuguese-cased,0.5914637221861143,0.7277777777777777,0.7043157815933228
10,10,0.0,150,100,0.1,all-MiniLM-L6-v2,0.4490013987549422,0.8,0.6093557476997375
10,10,0.0,150,100,0.1,all-distilroberta-v1,0.576802853786999,0.8428571428571429,0.6645751595497131
10,10,0.0,150,100,0.1,paraphrase-MiniLM-L6-v2,0.4520688366984381,0.85,0.673985481262207
10,10,0.0,150,100,0.1,neuralmind/bert-base-portuguese-cased,0.6237066047209415,0.9375,0.3681117296218872
10,10,0.1,50,5,0.1,all-MiniLM-L6-v2,0.48069273000903223,0.753125,0.546095073223114
10,10,0.1,50,5,0.1,all-distilroberta-v1,0.38519450611109096,0.95,-0.04185711219906807
10,10,0.1,50,5,0.1,paraphrase-MiniLM-L6-v2,0.38581704497504066,0.8,0.645845353603363
10,10,0.1,50,5,0.1,neuralmind/bert-base-portuguese-cased,0.5587489681581849,0.825,0.4296712875366211
10,10,0.1,50,10,0.1,all-MiniLM-L6-v2,0.4647249514263417,0.7576923076923077,0.589069664478302
10,10,0.1,50,10,0.1,all-distilroberta-v1,0.4861263689866005,0.8727272727272727,0.3939689099788666
10,10,0.1,50,10,0.1,paraphrase-MiniLM-L6-v2,0.38581704497504066,0.8,0.645845353603363
10,10,0.1,50,10,0.1,neuralmind/bert-base-portuguese-cased,0.5636091665835684,0.7807692307692308,0.4037991464138031
10,10,0.1,50,100,0.1,all-MiniLM-L6-v2,0.4483429096816291,0.775,0.5331334471702576
10,10,0.1,50,100,0.1,all-distilroberta-v1,0.5887412297891993,0.9,0.6317884922027588
10,10,0.1,50,100,0.1,paraphrase-MiniLM-L6-v2,0.3990561767883217,0.66,-0.1835433840751648
10,10,0.1,50,100,0.1,neuralmind/bert-base-portuguese-cased,0.631290634668027,0.8333333333333334,0.4384167790412903
10,10,0.1,100,5,0.1,all-MiniLM-L6-v2,0.46515740044619475,0.69,0.5527294278144836
10,10,0.1,100,5,0.1,all-distilroberta-v1,0.5279824460800356,0.8571428571428571,0.5558480620384216
10,10,0.1,100,5,0.1,paraphrase-MiniLM-L6-v2,0.4073752048932063,0.7916666666666666,0.39810997247695923
10,10,0.1,100,5,0.1,neuralmind/bert-base-portuguese-cased,0.5768807465230108,0.795,0.5448476672172546
10,10,0.1,100,10,0.1,all-MiniLM-L6-v2,0.48072439955529955,0.825,0.5215862393379211
10,10,0.1,100,10,0.1,all-distilroberta-v1,0.5558035798792422,0.8642857142857143,0.5549048781394958
10,10,0.1,100,10,0.1,paraphrase-MiniLM-L6-v2,0.4239619250893165,0.74375,0.6340404152870178
10,10,0.1,100,10,0.1,neuralmind/bert-base-portuguese-cased,0.5863864383908163,0.7636363636363637,0.6186038255691528
10,10,0.1,100,100,0.1,all-MiniLM-L6-v2,0.4483429096816291,0.775,0.5331334471702576
10,10,0.1,100,100,0.1,all-distilroberta-v1,0.5889149836665285,0.83,0.6180029511451721
10,10,0.1,100,100,0.1,paraphrase-MiniLM-L6-v2,0.4416994386604458,0.7333333333333333,-0.05718732997775078
10,10,0.1,100,100,0.1,neuralmind/bert-base-portuguese-cased,0.618249577904832,0.9375,0.4028390347957611
10,10,0.1,150,5,0.1,all-MiniLM-L6-v2,0.46752165626180675,0.7,-0.0933840274810791
10,10,0.1,150,5,0.1,all-distilroberta-v1,0.4697996720735921,0.74,0.3596005141735077
10,10,0.1,150,5,0.1,paraphrase-MiniLM-L6-v2,0.43495635729857357,0.7714285714285715,0.6707760095596313
10,10,0.1,150,5,0.1,neuralmind/bert-base-portuguese-cased,0.6062918490404524,0.7857142857142857,0.5831094980239868
10,10,0.1,150,10,0.1,all-MiniLM-L6-v2,0.48072439955529955,0.825,0.5215862393379211
10,10,0.1,150,10,0.1,all-distilroberta-v1,0.5558035798792422,0.8642857142857143,0.5549048781394958
10,10,0.1,150,10,0.1,paraphrase-MiniLM-L6-v2,0.48292195626559103,0.73,0.6654775738716125
10,10,0.1,150,10,0.1,neuralmind/bert-base-portuguese-cased,0.5623217828565518,0.9,-0.1129119023680687
10,10,0.1,150,100,0.1,all-MiniLM-L6-v2,0.4483429096816291,0.775,0.5331334471702576
10,10,0.1,150,100,0.1,all-distilroberta-v1,0.5889149836665285,0.83,0.6180029511451721
10,10,0.1,150,100,0.1,paraphrase-MiniLM-L6-v2,0.44982109155890954,0.85,0.6667194366455078
10,10,0.1,150,100,0.1,neuralmind/bert-base-portuguese-cased,0.5579621726630809,0.9333333333333333,0.6043679118156433
10,10,0.5,50,5,0.1,all-MiniLM-L6-v2,0.4500102242020697,0.7909090909090909,0.4710783362388611
10,10,0.5,50,5,0.1,all-distilroberta-v1,0.37487816016941233,0.975,-0.1636117845773697
10,10,0.5,50,5,0.1,paraphrase-MiniLM-L6-v2,0.4096880171888087,0.7454545454545455,0.28458622097969055
10,10,0.5,50,5,0.1,neuralmind/bert-base-portuguese-cased,0.49886365026681684,0.85,0.3046128451824188
10,10,0.5,50,10,0.1,all-MiniLM-L6-v2,0.37856812934325135,0.825,-0.2579783797264099
10,10,0.5,50,10,0.1,all-distilroberta-v1,0.5069664054823667,0.9357142857142857,0.20290488004684448
10,10,0.5,50,10,0.1,paraphrase-MiniLM-L6-v2,0.407990079091627,0.8,0.47444289922714233
10,10,0.5,50,10,0.1,neuralmind/bert-base-portuguese-cased,0.42431296220451176,0.975,0.3080545961856842
10,10,0.5,50,100,0.1,all-MiniLM-L6-v2,0.4669681998375372,0.8166666666666667,0.6180552840232849
10,10,0.5,50,100,0.1,all-distilroberta-v1,0.5319256068137596,0.9,0.4496966600418091
10,10,0.5,50,100,0.1,paraphrase-MiniLM-L6-v2,0.456429120311605,0.7625,0.7682042717933655
10,10,0.5,50,100,0.1,neuralmind/bert-base-portuguese-cased,0.5003538258982856,0.925,0.6744807362556458
10,10,0.5,100,5,0.1,all-MiniLM-L6-v2,0.4080660890211825,0.7666666666666667,-0.15496954321861267
10,10,0.5,100,5,0.1,all-distilroberta-v1,0.5749847881874378,0.8388888888888889,0.618125319480896
10,10,0.5,100,5,0.1,paraphrase-MiniLM-L6-v2,0.47568852816700113,0.8,0.5296937823295593
10,10,0.5,100,5,0.1,neuralmind/bert-base-portuguese-cased,0.46784589206634863,0.875,0.4682301878929138
10,10,0.5,100,10,0.1,all-MiniLM-L6-v2,0.3456615901861347,0.8166666666666667,-0.14466486871242523
10,10,0.5,100,10,0.1,all-distilroberta-v1,0.5373133546786693,0.9083333333333333,0.2749318480491638
10,10,0.5,100,10,0.1,paraphrase-MiniLM-L6-v2,0.47577552383801613,0.8333333333333334,0.5971243977546692
10,10,0.5,100,10,0.1,neuralmind/bert-base-portuguese-cased,0.42431296220451176,0.975,0.3080545961856842
10,10,0.5,100,100,0.1,all-MiniLM-L6-v2,0.4669681998375372,0.8166666666666667,0.6180552840232849
10,10,0.5,100,100,0.1,all-distilroberta-v1,0.42353731168927605,0.825,0.5198115706443787
10,10,0.5,100,100,0.1,paraphrase-MiniLM-L6-v2,0.44779106134462515,0.8,0.7853795886039734
10,10,0.5,100,100,0.1,neuralmind/bert-base-portuguese-cased,0.5003538258982856,0.925,0.6744807362556458
10,10,0.5,150,5,0.1,all-MiniLM-L6-v2,0.4396649828591187,0.8,-0.1623210608959198
10,10,0.5,150,5,0.1,all-distilroberta-v1,0.48290017627923215,0.9166666666666666,0.3457360863685608
10,10,0.5,150,5,0.1,paraphrase-MiniLM-L6-v2,0.46200836509665405,0.7833333333333333,0.4083954989910126
10,10,0.5,150,5,0.1,neuralmind/bert-base-portuguese-cased,0.46784589206634863,0.875,0.4682301878929138
10,10,0.5,150,10,0.1,all-MiniLM-L6-v2,0.5000182550141289,0.775,0.5674099922180176
10,10,0.5,150,10,0.1,all-distilroberta-v1,0.47985162542680804,0.9,0.13337427377700806
10,10,0.5,150,10,0.1,paraphrase-MiniLM-L6-v2,0.47577552383801613,0.8333333333333334,0.5971243977546692
10,10,0.5,150,10,0.1,neuralmind/bert-base-portuguese-cased,0.42431296220451176,0.975,0.3080545961856842
10,10,0.5,150,100,0.1,all-MiniLM-L6-v2,0.4669681998375372,0.8166666666666667,0.6180552840232849
10,10,0.5,150,100,0.1,all-distilroberta-v1,0.42353731168927605,0.825,0.5198115706443787
10,10,0.5,150,100,0.1,paraphrase-MiniLM-L6-v2,0.48004363228706803,0.825,0.668481171131134
10,10,0.5,150,100,0.1,neuralmind/bert-base-portuguese-cased,0.5003538258982856,0.925,0.6744807362556458
20,5,0.0,50,5,0.1,all-MiniLM-L6-v2,0.40346577643207165,0.7875,0.14685577154159546
20,5,0.0,50,5,0.1,all-distilroberta-v1,0.43758894894338446,0.8833333333333333,-0.1311992108821869
20,5,0.0,50,5,0.1,paraphrase-MiniLM-L6-v2,0.4287486039492791,0.7555555555555555,0.3981301486492157
20,5,0.0,50,5,0.1,neuralmind/bert-base-portuguese-cased,0.5414601278395339,0.809375,0.39489540457725525
20,5,0.0,50,10,0.1,all-MiniLM-L6-v2,0.47294952153045344,0.7866666666666666,0.4036208689212799
20,5,0.0,50,10,0.1,all-distilroberta-v1,0.4929814450531524,0.8833333333333333,0.4521867632865906
20,5,0.0,50,10,0.1,paraphrase-MiniLM-L6-v2,0.45516335025911486,0.7,-0.06380066275596619
20,5,0.0,50,10,0.1,neuralmind/bert-base-portuguese-cased,0.5706167083923807,0.7846153846153846,0.5375402569770813
20,5,0.0,50,100,0.1,all-MiniLM-L6-v2,0.4420973419896139,0.825,0.2047426551580429
20,5,0.0,50,100,0.1,all-distilroberta-v1,0.5884934999355476,0.8357142857142857,0.64387047290802
20,5,0.0,50,100,0.1,paraphrase-MiniLM-L6-v2,0.44008606895346336,0.7333333333333333,0.1708630919456482
20,5,0.0,50,100,0.1,neuralmind/bert-base-portuguese-cased,0.6317997387400589,0.8,0.22105379402637482
20,5,0.0,100,5,0.1,all-MiniLM-L6-v2,0.4203674160415975,0.7,0.1726771593093872
20,5,0.0,100,5,0.1,all-distilroberta-v1,0.44597467150396675,0.875,0.16457641124725342
20,5,0.0,100,5,0.1,paraphrase-MiniLM-L6-v2,0.43279691282432414,0.7333333333333333,0.17474164068698883
20,5,0.0,100,5,0.1,neuralmind/bert-base-portuguese-cased,0.43546520035565406,1.0,-0.10080155730247498
20,5,0.0,100,10,0.1,all-MiniLM-L6-v2,0.43340731123666737,0.75,0.1752733737230301
20,5,0.0,100,10,0.1,all-distilroberta-v1,0.5546295294620829,0.8571428571428571,0.6178069114685059
20,5,0.0,100,10,0.1,paraphrase-MiniLM-L6-v2,0.43767453889743146,0.7166666666666667,0.17649024724960327
20,5,0.0,100,10,0.1,neuralmind/bert-base-portuguese-cased,0.5787796321386421,0.7545454545454545,0.5704810619354248
20,5,0.0,100,100,0.1,all-MiniLM-L6-v2,0.4420973419896139,0.825,0.2047426551580429
20,5,0.0,100,100,0.1,all-distilroberta-v1,0.5884934999355476,0.8357142857142857,0.64387047290802
20,5,0.0,100,100,0.1,paraphrase-MiniLM-L6-v2,0.457856858628421,0.6416666666666667,0.49843329191207886
20,5,0.0,100,100,0.1,neuralmind/bert-base-portuguese-cased,0.6360396539833064,0.95,0.3336993157863617
20,5,0.0,150,5,0.1,all-MiniLM-L6-v2,0.4741044480793034,0.875,0.23724685609340668
20,5,0.0,150,5,0.1,all-distilroberta-v1,0.44597467150396675,0.875,0.16457641124725342
20,5,0.0,150,5,0.1,paraphrase-MiniLM-L6-v2,0.41649334710020935,0.875,0.7517907023429871
20,5,0.0,150,5,0.1,neuralmind/bert-base-portuguese-cased,0.43546520035565406,1.0,-0.10080155730247498
20,5,0.0,150,10,0.1,all-MiniLM-L6-v2,0.46542015671375403,0.875,0.23796117305755615
20,5,0.0,150,10,0.1,all-distilroberta-v1,0.5546295294620829,0.8571428571428571,0.6178069114685059
20,5,0.0,150,10,0.1,paraphrase-MiniLM-L6-v2,0.4463097761162005,0.85,0.7509785294532776
20,5,0.0,150,10,0.1,neuralmind/bert-base-portuguese-cased,0.6046327476938484,0.71875,0.5568501949310303
20,5,0.0,150,100,0.1,all-MiniLM-L6-v2,0.4420973419896139,0.825,0.2047426551580429
20,5,0.0,150,100,0.1,all-distilroberta-v1,0.6004453199846858,0.85,0.6391977071762085
20,5,0.0,150,100,0.1,paraphrase-MiniLM-L6-v2,0.4463097761162006,0.85,0.7565691471099854
20,5,0.0,150,100,0.1,neuralmind/bert-base-portuguese-cased,0.5676832529218065,0.95,0.4871399998664856
20,5,0.1,50,5,0.1,all-MiniLM-L6-v2,0.368980713135433,0.975,0.4975101053714752
20,5,0.1,50,5,0.1,all-distilroberta-v1,0.4227615744065976,0.8666666666666667,-0.07736029475927353
20,5,0.1,50,5,0.1,paraphrase-MiniLM-L6-v2,0.3689796862712823,0.8,0.6174333691596985
20,5,0.1,50,5,0.1,neuralmind/bert-base-portuguese-cased,0.5530854368896357,0.8,0.4571533501148224
20,5,0.1,50,10,0.1,all-MiniLM-L6-v2,0.368980713135433,0.975,0.5003925561904907
20,5,0.1,50,10,0.1,all-distilroberta-v1,0.41187179829790005,0.8833333333333333,-0.08154412358999252
20,5,0.1,50,10,0.1,paraphrase-MiniLM-L6-v2,0.3689796862712823,0.8,0.6174333691596985
20,5,0.1,50,10,0.1,neuralmind/bert-base-portuguese-cased,0.570659850399035,0.8035714285714286,0.4541587233543396
20,5,0.1,50,100,0.1,all-MiniLM-L6-v2,0.4623911650300848,0.825,0.03853108733892441
20,5,0.1,50,100,0.1,all-distilroberta-v1,0.5891672370027888,0.8785714285714286,0.5431026816368103
20,5,0.1,50,100,0.1,paraphrase-MiniLM-L6-v2,0.4305899450234791,0.75,0.11666542291641235
20,5,0.1,50,100,0.1,neuralmind/bert-base-portuguese-cased,0.6321436054637944,0.8583333333333333,0.11898747831583023
20,5,0.1,100,5,0.1,all-MiniLM-L6-v2,0.4435521814478863,0.7333333333333333,0.002265482908114791
20,5,0.1,100,5,0.1,all-distilroberta-v1,0.431344561988368,0.875,0.1682535856962204
20,5,0.1,100,5,0.1,paraphrase-MiniLM-L6-v2,0.41909570871511526,0.7055555555555556,0.4899080991744995
20,5,0.1,100,5,0.1,neuralmind/bert-base-portuguese-cased,0.5739993140091442,0.7772727272727272,0.5341178774833679
20,5,0.1,100,10,0.1,all-MiniLM-L6-v2,0.4919868742681708,0.85,0.019801801070570946
20,5,0.1,100,10,0.1,all-distilroberta-v1,0.4427151791984718,0.875,0.17153073847293854
20,5,0.1,100,10,0.1,paraphrase-MiniLM-L6-v2,0.4428896261208323,0.7125,0.03599810600280762
20,5,0.1,100,10,0.1,neuralmind/bert-base-portuguese-cased,0.5929709979956459,0.7818181818181819,0.49356013536453247
20,5,0.1,100,100,0.1,all-MiniLM-L6-v2,0.4623911650300848,0.825,0.03853108733892441
20,5,0.1,100,100,0.1,all-distilroberta-v1,0.6139717709798295,0.8666666666666667,0.5391225218772888
20,5,0.1,100,100,0.1,paraphrase-MiniLM-L6-v2,0.4305899450234791,0.75,0.11666542291641235
20,5,0.1,100,100,0.1,neuralmind/bert-base-portuguese-cased,0.6382470136904534,0.9375,0.38474857807159424
20,5,0.1,150,5,0.1,all-MiniLM-L6-v2,0.48052715501927945,0.825,0.01717352494597435
20,5,0.1,150,5,0.1,all-distilroberta-v1,0.431344561988368,0.875,0.1682535856962204
20,5,0.1,150,5,0.1,paraphrase-MiniLM-L6-v2,0.4511566338877585,0.72,0.33148351311683655
20,5,0.1,150,5,0.1,neuralmind/bert-base-portuguese-cased,0.6118025744203056,0.70625,0.6041543483734131
20,5,0.1,150,10,0.1,all-MiniLM-L6-v2,0.4919868742681708,0.85,0.019801801070570946
20,5,0.1,150,10,0.1,all-distilroberta-v1,0.4427151791984718,0.875,0.17153073847293854
20,5,0.1,150,10,0.1,paraphrase-MiniLM-L6-v2,0.4190801323894606,0.7666666666666667,0.08400247991085052
20,5,0.1,150,10,0.1,neuralmind/bert-base-portuguese-cased,0.5964445495521147,0.92,0.4941743016242981
20,5,0.1,150,100,0.1,all-MiniLM-L6-v2,0.4623911650300848,0.825,0.03853108733892441
20,5,0.1,150,100,0.1,all-distilroberta-v1,0.592751255811999,0.82,0.5323411226272583
20,5,0.1,150,100,0.1,paraphrase-MiniLM-L6-v2,0.4443252536356998,0.85,0.6650848388671875
20,5,0.1,150,100,0.1,neuralmind/bert-base-portuguese-cased,0.578043241669725,0.9333333333333333,0.5945211052894592
20,5,0.5,50,5,0.1,all-MiniLM-L6-v2,0.48345129288964234,0.7791666666666667,0.44444215297698975
20,5,0.5,50,5,0.1,all-distilroberta-v1,0.45404494758101066,0.875,0.19227950274944305
20,5,0.5,50,5,0.1,paraphrase-MiniLM-L6-v2,0.3879448525727722,0.8,0.342400461435318
20,5,0.5,50,5,0.1,neuralmind/bert-base-portuguese-cased,0.5959876910266563,0.8115384615384615,0.5043700337409973
20,5,0.5,50,10,0.1,all-MiniLM-L6-v2,0.4661831728682159,0.75625,0.48536965250968933
20,5,0.5,50,10,0.1,all-distilroberta-v1,0.43225664477363485,0.9,-0.02165674977004528
20,5,0.5,50,10,0.1,paraphrase-MiniLM-L6-v2,0.37687461179020654,0.825,0.3425886034965515
20,5,0.5,50,10,0.1,neuralmind/bert-base-portuguese-cased,0.46210647524017834,0.925,0.03489040210843086
20,5,0.5,50,100,0.1,all-MiniLM-L6-v2,0.5046216643123627,0.875,0.4165034294128418
20,5,0.5,50,100,0.1,all-distilroberta-v1,0.5485507477823226,0.83,0.5173100233078003
20,5,0.5,50,100,0.1,paraphrase-MiniLM-L6-v2,0.441661435466524,0.85,0.5281959772109985
20,5,0.5,50,100,0.1,neuralmind/bert-base-portuguese-cased,0.5127730407924244,0.95,-0.05619337782263756
20,5,0.5,100,5,0.1,all-MiniLM-L6-v2,0.5202087041511555,0.7142857142857143,0.44408556818962097
20,5,0.5,100,5,0.1,all-distilroberta-v1,0.45404494758101066,0.875,0.19227950274944305
20,5,0.5,100,5,0.1,paraphrase-MiniLM-L6-v2,0.4600899469897467,0.74,0.4930274784564972
20,5,0.5,100,5,0.1,neuralmind/bert-base-portuguese-cased,0.499596819728351,0.95,0.3105691969394684
20,5,0.5,100,10,0.1,all-MiniLM-L6-v2,0.4661831728682159,0.75625,0.48536965250968933
20,5,0.5,100,10,0.1,all-distilroberta-v1,0.4572032307850461,0.9,0.18326742947101593
20,5,0.5,100,10,0.1,paraphrase-MiniLM-L6-v2,0.4701027844836806,0.76,0.49549493193626404
20,5,0.5,100,10,0.1,neuralmind/bert-base-portuguese-cased,0.5397689738099053,0.8666666666666667,0.5879947543144226
20,5,0.5,100,100,0.1,all-MiniLM-L6-v2,0.5046216643123627,0.875,0.4165034294128418
20,5,0.5,100,100,0.1,all-distilroberta-v1,0.5108479213321951,0.8,0.44362255930900574
20,5,0.5,100,100,0.1,paraphrase-MiniLM-L6-v2,0.441661435466524,0.85,0.5281959772109985
20,5,0.5,100,100,0.1,neuralmind/bert-base-portuguese-cased,0.5664606344225911,0.9,0.6598285436630249
20,5,0.5,150,5,0.1,all-MiniLM-L6-v2,0.5212392691413161,0.725,0.4727669954299927
20,5,0.5,150,5,0.1,all-distilroberta-v1,0.45404494758101066,0.875,0.19227950274944305
20,5,0.5,150,5,0.1,paraphrase-MiniLM-L6-v2,0.4441835312918919,0.7875,0.5617879033088684
20,5,0.5,150,5,0.1,neuralmind/bert-base-portuguese-cased,0.44973848528090166,0.9,0.47197774052619934
20,5,0.5,150,10,0.1,all-MiniLM-L6-v2,0.5058688936977382,0.74,0.4910403788089752
20,5,0.5,150,10,0.1,all-distilroberta-v1,0.4572032307850461,0.9,0.18326742947101593
20,5,0.5,150,10,0.1,paraphrase-MiniLM-L6-v2,0.4492640400383289,0.8,0.5841631889343262
20,5,0.5,150,10,0.1,neuralmind/bert-base-portuguese-cased,0.49501654918610516,0.95,0.6297253966331482
20,5,0.5,150,100,0.1,all-MiniLM-L6-v2,0.5046216643123627,0.875,0.4165034294128418
20,5,0.5,150,100,0.1,all-distilroberta-v1,0.4615265067292776,0.7666666666666667,0.4754479229450226
20,5,0.5,150,100,0.1,paraphrase-MiniLM-L6-v2,0.441661435466524,0.85,0.5281959772109985
20,5,0.5,150,100,0.1,neuralmind/bert-base-portuguese-cased,0.5417229015002559,0.975,0.8252971172332764
20,10,0.0,50,5,0.1,all-MiniLM-L6-v2,0.4373176747385989,0.9,0.44586601853370667
20,10,0.0,50,5,0.1,all-distilroberta-v1,0.4741485639793255,0.8205882352941176,0.45570316910743713
20,10,0.0,50,5,0.1,paraphrase-MiniLM-L6-v2,0.44646874665592295,0.7545454545454545,0.5923869609832764
20,10,0.0,50,5,0.1,neuralmind/bert-base-portuguese-cased,0.5837195545129538,0.7633333333333333,0.5200987458229065
20,10,0.0,50,10,0.1,all-MiniLM-L6-v2,0.44887204006570336,0.7807692307692308,0.5994651317596436
20,10,0.0,50,10,0.1,all-distilroberta-v1,0.4826763852275712,0.7941176470588235,0.5566114783287048
20,10,0.0,50,10,0.1,paraphrase-MiniLM-L6-v2,0.4342427883006746,0.7675,0.762013852596283
20,10,0.0,50,10,0.1,neuralmind/bert-base-portuguese-cased,0.6176657912020316,0.8045454545454546,0.5662108063697815
20,10,0.0,50,100,0.1,all-MiniLM-L6-v2,0.4676481603804895,0.85,0.6589887142181396
20,10,0.0,50,100,0.1,all-distilroberta-v1,0.5857983393355518,0.8571428571428571,0.6121424436569214
20,10,0.0,50,100,0.1,paraphrase-MiniLM-L6-v2,0.45993711232125156,0.875,0.6657704710960388
20,10,0.0,50,100,0.1,neuralmind/bert-base-portuguese-cased,0.6159611268492073,0.8125,0.13901446759700775
20,10,0.0,100,5,0.1,all-MiniLM-L6-v2,0.46657663759470086,0.875,0.65695720911026
20,10,0.0,100,5,0.1,all-distilroberta-v1,0.5521749943820163,0.7666666666666667,0.6657244563102722
20,10,0.0,100,5,0.1,paraphrase-MiniLM-L6-v2,0.4023307247124573,0.9,0.6636738777160645
20,10,0.0,100,5,0.1,neuralmind/bert-base-portuguese-cased,0.5672584559849077,0.79,0.5875835418701172
20,10,0.0,100,10,0.1,all-MiniLM-L6-v2,0.4204382919723735,0.7333333333333333,0.22964781522750854
20,10,0.0,100,10,0.1,all-distilroberta-v1,0.5716046559013289,0.8571428571428571,0.5914052128791809
20,10,0.0,100,10,0.1,paraphrase-MiniLM-L6-v2,0.4023307247124573,0.9,0.6632660031318665
20,10,0.0,100,10,0.1,neuralmind/bert-base-portuguese-cased,0.6134662322521967,0.815,0.5790824294090271
20,10,0.0,100,100,0.1,all-MiniLM-L6-v2,0.4676481603804895,0.85,0.6589887142181396
20,10,0.0,100,100,0.1,all-distilroberta-v1,0.5857983393355518,0.8571428571428571,0.6121424436569214
20,10,0.0,100,100,0.1,paraphrase-MiniLM-L6-v2,0.4588784647060167,0.65,0.5977994799613953
20,10,0.0,100,100,0.1,neuralmind/bert-base-portuguese-cased,0.6206819134890379,0.9375,0.3608521819114685
20,10,0.0,150,5,0.1,all-MiniLM-L6-v2,0.46657663759470086,0.875,0.65695720911026
20,10,0.0,150,5,0.1,all-distilroberta-v1,0.5521749943820163,0.7666666666666667,0.6657244563102722
20,10,0.0,150,5,0.1,paraphrase-MiniLM-L6-v2,0.4023307247124573,0.9,0.6636738777160645
20,10,0.0,150,5,0.1,neuralmind/bert-base-portuguese-cased,0.5918047967529932,0.7777777777777778,0.5827683210372925
20,10,0.0,150,10,0.1,all-MiniLM-L6-v2,0.4665766375947009,0.875,0.6566797494888306
20,10,0.0,150,10,0.1,all-distilroberta-v1,0.5716046559013289,0.8571428571428571,0.5914052128791809
20,10,0.0,150,10,0.1,paraphrase-MiniLM-L6-v2,0.4023307247124573,0.9,0.6632660031318665
20,10,0.0,150,10,0.1,neuralmind/bert-base-portuguese-cased,0.5948243847485102,0.8666666666666667,0.5976362228393555
20,10,0.0,150,100,0.1,all-MiniLM-L6-v2,0.4676481603804895,0.85,0.6589887142181396
20,10,0.0,150,100,0.1,all-distilroberta-v1,0.6028970462113096,0.8583333333333333,0.601986289024353
20,10,0.0,150,100,0.1,paraphrase-MiniLM-L6-v2,0.45993711232125156,0.875,0.6657704710960388
20,10,0.0,150,100,0.1,neuralmind/bert-base-portuguese-cased,0.6206819134890379,0.9375,0.3608521819114685
20,10,0.1,50,5,0.1,all-MiniLM-L6-v2,0.49717807053775176,0.7875,0.5649828910827637
20,10,0.1,50,5,0.1,all-distilroberta-v1,0.48118298126328307,0.8,0.3305514454841614
20,10,0.1,50,5,0.1,paraphrase-MiniLM-L6-v2,0.3689796862712823,0.8,0.5953245162963867
20,10,0.1,50,5,0.1,neuralmind/bert-base-portuguese-cased,0.5909342368218994,0.7642857142857142,0.5732367038726807
20,10,0.1,50,10,0.1,all-MiniLM-L6-v2,0.4517782414972472,0.7607142857142857,0.5186775326728821
20,10,0.1,50,10,0.1,all-distilroberta-v1,0.5175431680969468,0.775,0.6324111223220825
20,10,0.1,50,10,0.1,paraphrase-MiniLM-L6-v2,0.3689796862712823,0.8,0.5953245162963867
20,10,0.1,50,10,0.1,neuralmind/bert-base-portuguese-cased,0.4357007909378434,1.0,-0.10253424197435379
20,10,0.1,50,100,0.1,all-MiniLM-L6-v2,0.47189758904707596,0.85,0.5896197557449341
20,10,0.1,50,100,0.1,all-distilroberta-v1,0.5892956003580576,0.8714285714285714,0.5719770789146423
20,10,0.1,50,100,0.1,paraphrase-MiniLM-L6-v2,0.4692036194077188,0.875,0.6254104375839233
20,10,0.1,50,100,0.1,neuralmind/bert-base-portuguese-cased,0.5753961237381006,0.9166666666666666,0.3913290500640869
20,10,0.1,100,5,0.1,all-MiniLM-L6-v2,0.4249854337255285,0.7166666666666667,0.13017502427101135
20,10,0.1,100,5,0.1,all-distilroberta-v1,0.4444255064842726,0.875,0.28949111700057983
20,10,0.1,100,5,0.1,paraphrase-MiniLM-L6-v2,0.4736255297933349,0.71,0.6994773149490356
20,10,0.1,100,5,0.1,neuralmind/bert-base-portuguese-cased,0.5730178944580163,0.83125,0.6126356720924377
20,10,0.1,100,10,0.1,all-MiniLM-L6-v2,0.4799221528986838,0.825,0.5649018287658691
20,10,0.1,100,10,0.1,all-distilroberta-v1,0.44383152174039475,0.875,0.2834923267364502
20,10,0.1,100,10,0.1,paraphrase-MiniLM-L6-v2,0.4463243326191023,0.71875,0.6062061786651611
20,10,0.1,100,10,0.1,neuralmind/bert-base-portuguese-cased,0.4357007909378434,1.0,-0.10253424197435379
20,10,0.1,100,100,0.1,all-MiniLM-L6-v2,0.47189758904707596,0.85,0.5896197557449341
20,10,0.1,100,100,0.1,all-distilroberta-v1,0.6086487664192729,0.875,0.5661592483520508
20,10,0.1,100,100,0.1,paraphrase-MiniLM-L6-v2,0.43085920953701645,0.7666666666666667,0.025681693106889725
20,10,0.1,100,100,0.1,neuralmind/bert-base-portuguese-cased,0.5753961237381006,0.9166666666666666,0.3913290500640869
20,10,0.1,150,5,0.1,all-MiniLM-L6-v2,0.4785488206541202,0.825,0.5628717541694641
20,10,0.1,150,5,0.1,all-distilroberta-v1,0.4444255064842726,0.875,0.28949111700057983
20,10,0.1,150,5,0.1,paraphrase-MiniLM-L6-v2,0.4648865564032939,0.7928571428571428,0.6392070651054382
20,10,0.1,150,5,0.1,neuralmind/bert-base-portuguese-cased,0.5518283402215169,0.8428571428571429,0.6135362982749939
20,10,0.1,150,10,0.1,all-MiniLM-L6-v2,0.4799221528986838,0.825,0.5649018287658691
20,10,0.1,150,10,0.1,all-distilroberta-v1,0.44383152174039475,0.875,0.2834923267364502
20,10,0.1,150,10,0.1,paraphrase-MiniLM-L6-v2,0.46215596189323904,0.69,0.6133647561073303
20,10,0.1,150,10,0.1,neuralmind/bert-base-portuguese-cased,0.6001851531577972,0.93,0.5055111050605774
20,10,0.1,150,100,0.1,all-MiniLM-L6-v2,0.47189758904707596,0.85,0.5896197557449341
20,10,0.1,150,100,0.1,all-distilroberta-v1,0.6004548612602851,0.83,0.567343533039093
20,10,0.1,150,100,0.1,paraphrase-MiniLM-L6-v2,0.4692036194077188,0.875,0.6254104375839233
20,10,0.1,150,100,0.1,neuralmind/bert-base-portuguese-cased,0.4999086570637191,0.95,0.636242151260376
20,10,0.5,50,5,0.1,all-MiniLM-L6-v2,0.48284586777646293,0.8076923076923077,0.5376718640327454
20,10,0.5,50,5,0.1,all-distilroberta-v1,0.5330407847548071,0.8590909090909091,0.5208519697189331
20,10,0.5,50,5,0.1,paraphrase-MiniLM-L6-v2,0.42939889069625214,0.8,0.29587599635124207
20,10,0.5,50,5,0.1,neuralmind/bert-base-portuguese-cased,0.4682348379997876,0.8428571428571429,0.2218574434518814
20,10,0.5,50,10,0.1,all-MiniLM-L6-v2,0.5379714023738029,0.8318181818181818,0.6003496050834656
20,10,0.5,50,10,0.1,all-distilroberta-v1,0.45465755844461797,0.9,0.1311449408531189
20,10,0.5,50,10,0.1,paraphrase-MiniLM-L6-v2,0.38436631756040884,0.8,0.29665783047676086
20,10,0.5,50,10,0.1,neuralmind/bert-base-portuguese-cased,0.4867951936177817,0.8666666666666667,0.32381296157836914
20,10,0.5,50,100,0.1,all-MiniLM-L6-v2,0.5314474584635576,0.86,0.7055774927139282
20,10,0.5,50,100,0.1,all-distilroberta-v1,0.5136122433730175,0.86,0.5714560747146606
20,10,0.5,50,100,0.1,paraphrase-MiniLM-L6-v2,0.46038917872543006,0.75,0.7212034463882446
20,10,0.5,50,100,0.1,neuralmind/bert-base-portuguese-cased,0.5184200084236017,0.925,-0.03821367770433426
20,10,0.5,100,5,0.1,all-MiniLM-L6-v2,0.5046587046854697,0.775,0.519986093044281
20,10,0.5,100,5,0.1,all-distilroberta-v1,0.5245593842049959,0.8125,0.1530202180147171
20,10,0.5,100,5,0.1,paraphrase-MiniLM-L6-v2,0.45050711229645013,0.8666666666666667,0.41715380549430847
20,10,0.5,100,5,0.1,neuralmind/bert-base-portuguese-cased,0.45813112944241235,0.82,0.2720165550708771
20,10,0.5,100,10,0.1,all-MiniLM-L6-v2,0.5175646466575706,0.7888888888888889,0.5992287993431091
20,10,0.5,100,10,0.1,all-distilroberta-v1,0.45465755844461797,0.9,0.1311449408531189
20,10,0.5,100,10,0.1,paraphrase-MiniLM-L6-v2,0.459219391073403,0.75,-0.09137758612632751
20,10,0.5,100,10,0.1,neuralmind/bert-base-portuguese-cased,0.5016208081319031,0.83,0.3019227981567383
20,10,0.5,100,100,0.1,all-MiniLM-L6-v2,0.4950726227697918,0.8875,0.7530953884124756
20,10,0.5,100,100,0.1,all-distilroberta-v1,0.5248103866518107,0.7875,0.6083271503448486
20,10,0.5,100,100,0.1,paraphrase-MiniLM-L6-v2,0.46038917872543006,0.75,0.7212034463882446
20,10,0.5,100,100,0.1,neuralmind/bert-base-portuguese-cased,0.6027604325277752,0.875,0.7019891738891602
20,10,0.5,150,5,0.1,all-MiniLM-L6-v2,0.49921855128923304,0.7916666666666666,0.4449787437915802
20,10,0.5,150,5,0.1,all-distilroberta-v1,0.5245593842049959,0.8125,0.1530202180147171
20,10,0.5,150,5,0.1,paraphrase-MiniLM-L6-v2,0.45050711229645013,0.8666666666666667,0.41715380549430847
20,10,0.5,150,5,0.1,neuralmind/bert-base-portuguese-cased,0.4847894683834109,0.85,0.3911224901676178
20,10,0.5,150,10,0.1,all-MiniLM-L6-v2,0.5078654946020243,0.7833333333333333,0.4728223383426666
20,10,0.5,150,10,0.1,all-distilroberta-v1,0.45465755844461797,0.9,0.1311449408531189
20,10,0.5,150,10,0.1,paraphrase-MiniLM-L6-v2,0.5050978168581209,0.8166666666666667,0.5233792066574097
20,10,0.5,150,10,0.1,neuralmind/bert-base-portuguese-cased,0.5410253499657904,0.775,0.31826654076576233
20,10,0.5,150,100,0.1,all-MiniLM-L6-v2,0.4950726227697918,0.8875,0.7530953884124756
20,10,0.5,150,100,0.1,all-distilroberta-v1,0.47055924141511385,0.8,0.6670101881027222
20,10,0.5,150,100,0.1,paraphrase-MiniLM-L6-v2,0.4240691276621192,0.8166666666666667,0.7609965205192566
20,10,0.5,150,100,0.1,neuralmind/bert-base-portuguese-cased,0.5369751670247519,0.975,0.5774313807487488
